titles,reviews
검은 수녀들,사악하다 악마 모습 여성 관객 마지막 엔딩 남자배우 클로즈업 괴성 지르다 약사 오컬트 재현 감독 성수 강력하다 샤워 목욕 어떻다 악마 이름 넘다 물어보다 정작 이름 들려주다 영화 자체 신성모독 꺼지다 마지막 나오다 강동원 얼굴 제일 재밌다 영화 더럽다 영화 떠나다 영화 제작 이유 긴장감 넘다 공포 조성 되어다 좋다 배우 연기 좋다 시나리오 아쉽다 대사 유치하다 뻔하다 만들다 취향 맞다 확률 높다 저급하다 악마 담배 피우다 폐암 먼저 죽겠네 검다 사제 글로리 동은이 대학 졸업 취업 안되다 수녀 되어다 느낌 중간 악마 가하다 대사 이름 부르다 오다 뉘앙스 대사 공감 되어다 웃다 귀신 들리다 연기 좋다 송혜교 로봇 올해 최악 영화 검다 사제 이영화 패스 검다 사제 성별 바뀌다 내용 부실하다 재미 떨어지다 오컬트 한국영 좋아하다 입장 힘들다 굴곡 스토리 지루하다 글로리 말투 가져오다 동은이 겹챠보 굳이 싶다 요소 연출 밋밋하다 받치다 배우다 관객 잡아끌다 긴장감 부족 엔드 크레딧 올라가다 시작 와이프 내뱉다 마디 오다 진짜 재미없다 아쉬움 남다 영화 구마 의식 제일 재미없다 구마 내내 눈꺼풀 집다 삼키다 대체 이름 평점 영화 쓰다 영화 영화 평가 파묘 재밌다 여혐 악마 배틀 상대 전편 크게 재밌다 캐릭터 소모 믹싱 심각하다 수준 인생 용다 빅엿 장식 해주다 고맙다 영화 계속 악마 저급하다 단어 영화 만들다 여전하다 신선하다 한국 구마 세계관 임팩트 글쎄 검다 수녀 재료 좋다 재료 넣다 이도 다시다 갈다 오컬트 무당 퓨전 요리 인스타 맛집 명절 연휴 자다 배우 연기 나쁘다 동은이 빼다 화면 음향 연출 좋다 품질 준수 오락 영화 자질 갖추다 초도 재밌다 순간 종교 다르다 올바르다 중요하다 자다 만들다 만들다 영화 구마 고마 마이 묵읏다 배우 송혜교 국희 연기 시나리오 진짜 많다 배우 검다 사제 기대다 한편 힘겹다 영화 긴장감 만들다 영화 수녀 벗어나다 여러 재밌다 신선하다 소재 인상 깊다 파묘 만족 받다 무조건 강추 드리다 수녀 이름 하라 악마 남성 사제 중심 벗어나다 오컬트 무비 색다르다 이름 분야 분야 핥다 급하다 관객 기대하다 포인트 아쉽다 흘러가다 오컬트 영화 졸다 처음 긴장감 감정 요동치다 텐션 다양하다 악마 구마 의식 스토리 좋다 검다 수녀 실망 리뷰 배우 연기력 새롭다 시도 좋다 졸다 최근 최악 오컬트 영화 사흘 막상막하 배우 시나리오 마음 들어서다 출연 결정 걸다 이렇다 영화 세상 나오다 오컬트 신파 얹다 재미 슬픔 무서움 밍숭맹숭 듬성듬성하다 영화 예고편 제일 자다 만들다 오컬트 장르 싱겁다 아쉽다 검다 사제 비교 실망 영화 검다 자다 만들다 메이드 영화 오컬트 만들다
귀신경찰,신현준 정준호 영화 믿다 걸다 추모 별개 때리다 싸다 개그 웃기다 힘드다 시대 워낙 악플 리뷰 많다 별로 기대 괜찮다 극우 연예인 카메오 나오다 싫다 기대 안해 모르다 연출 년대 느낌 스토리 뻔하다 그리다 투샷 귀신 웃기 재미 굳이 관객 지키다 재미 경찰 국민 엄마 불리다 김수미 유쾌하다 모습 마지막 스크린 좋다 영화 자체 퀄리티 부족하다 완성 드하 촌스럽다 대사 별로 김수미 배우 대학생 영화 만들다 퀄리티 높다 김수미 선생님 조문 느낌 웃기다 관객 높아지다 만족 영화 나오다 망정 더럽다 웃기다 개그 연속 웃음 한숨
그을린 사랑,그을리다 사랑 오이디푸스 일화 현대 해석 영화 쌍둥이 모습 보여주다 시작 쌍둥이 어머니 이름 나왈 유언 따르다 아버지 그을리다 새카맣 버리다 운명 혼돈 봉합 편지 아이러니 비극 통해 인간 인생 나쁘다 상당하다 작위 비극 거슬리다 장르 수사물 채다 쪼개다 반전 뮤직 개인 서사 인류 아픔 레바논 세계 그을리다 아픔 근래 명작 다큐 더하다 진실 외로움 종교 민족주의 위대하다 어머니 용서 그을리다 정도 불타 버리다 퍽퍽함 달래다 찐득하다 들이키다 기분 드니 빌다 브라 이름 기억 만들다 영화 소름 돋다 전쟁 무거 알다 분노 사슬 끊다 내다 찬란하다 사랑 전쟁 그을리다 결코 잃다 괴로움 품다 내다 걷다 덜다 생략 선명하다 드러나다 분열 비극 폭력 불꽃 타지 내뱉다 그을리다 사랑 잔잔하다 머리 후려치다 스토리 그날 흔적 고스 담기다 파편 비극 사랑 역겹다 슬픔 모르다 영화 알다 재밌다 여인 통해 비추다 끔찍하다 종교 전쟁 살다 살아가다 구기다 마음 이마 펴다 수가
극장판 오버로드 성왕국편,오버로드 단점 보이 그거 나름 재미 스토리 무난 중간 늘어지다 느낌 들다 액션 초반 괜찮다 후반 평범하다 반전 충격
나 혼자만 레벨업,한국 웹툰 성공 애니메이션 방영 전개 질질 끌다 원작 충실하다 작화 넣다 액션씬 돋보이다 한국 작품 애니 경우 대부분 주다 캐릭터 한국어 이름 일어 이름 이중 녹음 성의 보이다 한국어 더빙 원하다 에반게리온 고질라 소재 장점 자다 접목 게임 듯이 스토리 녹이다 내다 박하다 빠져드 나약하다 주인공 점차 성장하다 기대 궁금 소설 웹툰 후회 재밌다 정도 웹툰 애니 적당하다 자다 바꾸다 친구 추천 봣는데 재밋습니 취저 필요하다 한국 웹툰 전설 감동 느끼다 웹툰 애니 원작 주인 자다 만나다 기대 돼다 일본 이름 창씨개명 안당 무상 바꾸다 좋다 대신 질질 끌다 노잼 넷플 상위 이기다 짜다 몰다 성장 주인공 화려하다 액션 합작 이렇다 나오다 감동 웹툰 주행 내용 익숙하다 기대하다 화만 공개 기대 아쉽다 들다 유명 웹툰 제목 전개 빠르다 액션씬 멋있다 한국 배경 인물 한국인 한국어 더빙 싶다 들다 원작 대비 기다 마다 차이 크다 하루 진행 급격하다 매끄럽다 느낌 성진으쿤 응원 웹툰 초월 이식 상상 웹툰 장면 숨쉬다 원작 수려 재연 해내다 작품 세련되다 입다 느낌 성장 스토리 좋다 재미있다 세계관 흥미롭다 주인공 급격하다 성장 편의 느끼다 추천 웹소설 애니 흥미롭다 결합 살기 목숨 걸다 던전 기웃 거리 모습 재현 아쉽다 웹툰 진짜 레전드 정도 성공 얼른 나오다 좋다 자리 웹툰 결제 나라 웹툰 애니메이션 작품 최고 아웃 수려 원작 액션 크게 구현 크다 점수 주다 노잼 원작 영상 자다 살리다 만들어지다 감사하다 재밌다 만들다 재미있다 기대 화가 끝나다 항상 아쉽다 몰다 전개 느리다 느껴지다 좋아하다 웹툰 애니 일본 제작 아쉽다 그림 자다 반영 안되다 감개 무량 애니메이션 산업 발전 자다 이루어지다 기르다 소망 원작 웹툰 전설 기대하다 애니 나름 재미있다 한국어 더빙 점도 좋다 내용 전개 느리다 느낌 들다 마지막 화의 마무리 아쉽다 전반 재밌다 시원하다 전개 원하다 기다리다 몰다 추천 별거 화가 지나가다 경우 많다 메이드 한국 애니 더빙 일본어 신의한수 후반 부로 갈수록 재미있다 액션 작화 좋다 스토리 재미있다 자다 만들다 애니 제법 괜찮다 나오다 만족스럽다 전개 느리다 답답하다 재다 흐름 끊다 설명 손발 오그라지다 대사 빼다 준수 창씨개명 장점 계급 베런싱 맞다 만화 가하다 드네 부드럽다 프레임 더하다 연출 액션 거기 원작 재미 웹툰 애니 애니메이션 보여주다 넷플릭스 거기 캐릭터 이름 한국 일본어 어색하다 더빙 우리나라 더빙 더빙 퀄리티 일본 압승 원작 재미 망가지다 소설 원작 망작 수작 웹툰 내용 틀리다 존잼 몰다 좋다
나의 완벽한 비서,한지민 연기 최고 한지민 미모 레전드 괜찮다 한지민 배우 발음 원래 이렇다 뭉개져 알아듣다 어려움 재야 작품 잡다 간만 초장 달리다 나오다 이준혁 시작 간만 나오다 비주 검증 연기력 빠지다 조합 힐링 로맨스 설레다 용두 미인 드라마 이기다 한지민 예쁘다 이준혁 잘생기다 전개 시원시원하다 고구마 가볍다 좋다 여주 연기 배우 배우 깔다 연기 끄다 나이 끄다 주연 배우 은근 케미 좋다 계속 웃다 응원 예상 가능 스토리 느낌 한지민 이준혁 연기 좋다 연출 깔끔하다 가다 모르다 여주 연기 안정 몰입 깨지다 클리 범벅 재미 한지민 이쁘다 이쁘다 차다 특정 받침 발음 자막 자다 알아듣다 이준혁 딕션 좋다 흔하다 내용 배우 비쥬 기합 좋다 상미 음악 뛰어나다 집중 존잼 이준혁 배우 용다 감동 심하다 잘생기다 잘생기다 잘생기다 말다 어설프다 한지민 친자 트렁크 국뽕 차오르다 이렇다 한드보 짜다 식다 안되다 설정 확인 해주다 희미하다 개연 성은 설득 떨어지다 유은호 빠지다 준혁 이준혁 잃다 최근 주중 스탈 광대 승천 잘생기다 돌싱 남다 처음 이준혁 얼굴 이준혁 어째 나이 수록 자다 생기다 스토리 한지민 이준혁 캐스팅 고대로 망하다 수도 제작 역량 쪼꼼 아쉽다 현실 제목 짐작 나쁘다 서사 정선 아쉬움 지금껏 이준혁 마흔 로코 남다 쓰다 제작사 직무 유기 가면 갈수록 빠져들다 대표 비서 로맨스 한지민 예쁘다 예쁘다 나오다 이준혁 스마트 멋지다 어케 살짝 변주 백마 왕자 오글거리다 국산 로코 오피스 상황 실감 오글거리다 동화 설정 근방 최신 드라마 제일 쫀쫀 드라마 응원 한지민 재미있다 남자 비서 소재 신선하다 한지민 좋아하다 안되다 여배우 이준혁 발견 제발 로맨스 찍다 흥미진진 익숙하다 소재 만하 재미있다 이렇다 비서 재미 계속 광공 여주 스윗 남다 혐관 시작 서사 재밌다 기대 남다 여주 잘생기다 예쁘다 재밌다 스토리 만해 차내 용이 궁금하다 도도하다 여배우 포스 주가 자다 받다 추다 이준혁 발견 로맨스 배우 모르다 주연 배우 얼굴 퍼펙트 기대하다 이정 케미 모르다 비현실적 판타지 가깝다 이렇다 소재 관심 뻔하다 간질거리다 계속 얼굴 빼다 내용 왕자 사랑 빠지다 신데렐라 남자 버전 이준혁 한지민 텐션 장면 나오다 말로 설명 어른 텐션 전개 두다 로코 만족하다 어울리다 주연 어울리다 배역 기우 불과하다 자다 가다 남자 가보다 유은호 넘다 멋있다 이건 반지 제왕 뛰어넘다 판타지 장르 이준혁 한지민 조합 재밌다 남여 배우 훈훈하다 스토리 전형 로코 짐느 알다 뻔하다 좋다 로맨스 편하다 좋다 헤드헌터 자다 모르다 직업 여주 갖다 신선하다 주인공 분위기 드라마 분위기 자다 어울림 결점 결점 보완 해주다 설레다 주의보 재밌다 설레다 달다 잘생기다 비주 이유 드라마 연기력 정평 나다 다음주 오다 좋다 끄다 배우 재밌다 주행 한지민 진짜 예쁘다 기대 이준혁 로맨스 벌써 개맛 도리 재밌다 편도 기대 초반 스토리 탄탄하다 느낌 주연 배우 들다 얼굴 재밌다 선남선녀 로맨스 즐거움
나이트 에이전트 시즌 2,발암 많다 자꾸 흐름 끊기다 전편 긴장감 액션 자꾸 과거 넣다 덕분 지루하다 잡다 만들다 순간 많다 시즌 치밀하다 전개 기대하다 미드 답답하다 꼬임 복잡하다 전개 시즌 차이 크다 추천 시즌 신선하다 첩보물 익숙하다 챙기다 시즌
남색대문,나르다 등진 뒷모습 미소 지다 단순하다 복잡하다 남색 대문 작품 대만 청춘 영화 바이블 꼽히다 촌스럽다 풋풋하다 싱그럽다 만판 반쪽 느낌 청춘 드라마 일본 대만 취향 청춘 모습 영화 마무리 차분하다 살펴보다 좋다 사랑 청춘 조심스럽다 탐구 이쁘다 성장 보여주다 이쁘다 영화 년후 어떻다 모습 나다 친구 이름 얼굴 생각나다 어떻다 모습 싶다 낙서 따라다니다 키스 정체 청춘 짝사랑 쓸쓸하다 우울하다 스무살 풋풋하다 계륜미 영화 영화 자체 여타 청춘영화 별반 다르다 느낌 가득 담기다 그림 분명 싱그럽다 여름 빛깔 과정 흔들리다 자다 표현 계륜미 영상 화보 전개 답답하다 단점 어리다 풋풋하다 사랑 깜찍하다 통증 여름 초콜릿 펴다 발라 시절 대만 학생 로맨스 영화 몽글몽글하다 분위기 좋다 인상 깊다 남자 좋아하다 해달라다 내내 스토리 이해 안되다 학창시절 혼란 연애 감정 담기다 친구 뽀뽀 뜬금 시점 짧다 분위기 적당하다 길이 남자 좋아하다 연락 친구 서투르다 아름답다 남다 잿더미 꺼내다 좋아하다 감정 존중 쿠씨 개봉 니당다 순정 보가 좋았닼 청춘 스리 서서 건네주다 싱그럽다 시절 대만 영화 세상 실감 청춘 과제 참다 견디다 덮다 두기 타협 속상하다 성장 고단 관객 애기 새싹 감자 풋풋하다 담백하다 멜로 느끼다 본인 늘다 처절하다 멜로 인생 가끔 불공평하다 불공평하다 다정하다 밝다 여름 햇살 분위기 감다 모습 보이다 모습 보이다 부럽다 나이 아프다 여름 영화 계륜미 얼굴 청춘 초여름 자체 갑갑하다 숨막히다 전개 뜬금 터뜨리다 실력 러시 이유 메가박스 대구 청춘 감성 청춘 찬가 여름 자락 한참 기다리다 작품 여름 남색 대문 낯설다 혼란 감정 미완 모습 머물다 시절 계절 지나다 어른 되어다 여름 풋풋하다 첫사랑 오래되다 빛바랜 기억 남색 파랑 헷갈리다 아득하다 추억 남색 대문 계륜미 훑다 영화 여름날 좋다 모르다 여름 감정 기억
대도시의 사랑법,살아가다 소재 만들다 영화 최초 상업 영화로 흥행 성공하다 영화로 기록 영화 다르다 당당하다 걸리다 점차 사회 다르다 용해 갈다 진짜 인생 영화 영화 만들어지다 세상 오다 이성애자 남성 캐릭터 부정 묘사 편견 사랑 혼란 계절 대도시 가을 완벽하다 들어맞다 영화 나로 살아가다 설명 완성 단계 우정 사랑 사이 캐릭터 내뱉다 대사 인식 돌아보다 용기 주다 격려 정작 실제 캐릭터 행동 커버 치다 사이 괴리감 느껴지다 공감 사랑 약점 다르다 가깝다 사이 나인 충분하다 알다 대의 외장하드 오다 영화 의미 관람 영화 이렇다 영화 많아지다 바램 단순 사랑 우정 형태 영화 평범하다 남녀 우정 사랑 어떻다 약점 일찍 해주다 김고은 배우 연기 이렇다 친구 좋다 판타지 주다 달콤 시리다 청춘 우정 나다 청춘 차다 아름답다 지독하다 사랑스럽다 아리다 영화 이렇다 사랑 들이다 약점 영화 이렇다 주제 영화 다양하다 형태 늘어나다 들다 김고은 배우 감정 연기 흡입 넓다 대도시 나오다 똑같다 사랑 진정하다 사랑 자체 진부하다 달다 증명 증명 필요 대도시 사랑 로맨스 영화 예고편 로맨스 장르 소재 편견 버리다 무겁다 주제 가볍다 메이드 상업 영화 나인 산다 쉬다 약점 게이 자유롭다 영혼 입장 영화 작가 세계 알다 세상 차다 다양하다 많다 영화인 연기 원작 많다 각색 나쁘다 약점 오다 미스에이 기억 남다 포스터 내용 속지 편견 공감 재미있다 시사회 재희 홍수 행복 진심 빌다 영화 마지막 눈물 나다 평범하다 사랑 개인 진짜 재밌다 제목 대중 로맨스 계시다 영화 찾아보다 결정 좋다 되어다 마음 다해 가식 행복 빌다 존재 사랑 우정 편견 보내다 펀치 노상현 연기 발견 영화 이끌다 주인공 김고은 시작 김고은 끝나다 대도시 사랑 예상 재다 놀래다 추천 인생 영화 유돈 노미 서로 나다 재미있다 주인공 쓰레기 투성이 상치 의전 당황 편견 나하 는걸 절실 깨달음 대사 가슴 때리다 인생 서로 아름답다 대도시 사랑 청춘 자체 아름답다 시절 회상 눈물 흘리다 달다 약점 청춘 살다 해주다 떠나다 영화 재밌다 나오다 다르다 손가락질 나르다 마음껏 드러내다 세상 오기 년대 건축학개론 사랑 다루다 대명사 되어다 년대 대도시 사랑 떠오르다 괜찮다 약점 세상 심오하다 노랗다 약점 나다 모르다 어떻다 판단 대사 울림 주다 상태 대신 고민 많아지다 사랑 진하다 깊다 어떻다 우정 소중하다 청춘 음악 좋다 배우 연기 좋다 기다 호흡 지루하다 나로 살기
동화지만 청불입니다,크다 뻗다 나가다 하나로 모이다 야하다 이영화 뻗다 시작 전개 결말 어거지 결합 편하다 웃다 좋다 영화 배우 보이다 종합 예술 분야 영화 칭찬 수도 보여주다 예시 순수 파격 경계 넘다 들다 성장 코미디 재밌다 웃기 은근 야하다 청불 장르 코미디 웃기 재밌다 소소하다 나오다 박지현 배우 볼겸 애쓰다 건전하다 보이다 몸부림 치다 야하다 동화 야동 비우다 만해 동화 불입 청불 동화 유쾌하다 성인 코미디 박지현 배우 매력 흐르다 넘치다 웃기다 연애 빠지다 로맨스 생긱 나다 유미 세포 살짝 생각나다 오프닝 대표 코믹 살리다 내다 청불 영화 코미디 장동 애매 청불 로맨스 애매 박지현 배우 팔색조 매력 정상 판단 불가 매력 신인 배우 흡수 동일 형님 조합 괜찮다 유쾌 유치 당혹 글자 차이 인용 코미디 즐겁다 영화 다루다 주제 다루다 코미디 충실하다 동화 유치하다 청불 야하다 가볍다 편하다 글쓰기 상대방 동의 받다 코미디 웃기다 사회 정의 내리다 본인 재정 관객 사색 빠지다 무겁다 담론 가볍다 풀다 내다 평소 부정 분야 인생 자괴 희다 한셋트 찾아오다 민망하다 위로 우리네 인생 박지현 배우 예쁘다 가볍다 딱좋다 가볍다 영화 달다 투잡 뛰다 발칙하다 음란 마귀 영화 문제 박지현 배우 발칙 포장 동화 소재 살다 나머지 죽다 인물 담론 필요하다 시점 영화 째째하다 로맨스 가다 세련되다 스토리 끊기다 여자 배우 연기 최고 감성 살리다 청불 동화 영화 공주 악덕 사장 권선 징악 알다 상황 디테 숫총각 쎅쓰 써다 푸다 원작 허락 받다 제작 건지다 궁금하다 해결 어른 동화 지우다 원작 자의 흔적 필요 삽입 외설 로코 만나다 고프다 박지현 러블리함 진부하다 서사 연출 과도 캐릭터 컨셉 살리다 드라마 가다 나다 성동일 감초 몇몇 배우 괜찮다 박지현 배우 차기작 로코 여주 이기다 기원 만들다 흥미롭다 펼치다 판치다 버리다 박지현 보이다 추가 최시원 장국영 따르다 해보다 싶다 자다 스스로 가리다 무의미하다 어필 예상 알다
말할 수 없는 비밀,시사회 오다 원작 존중 한국 작품 매력 느껴지다 관람 려고 음악 좋다 영화 사운드 좋다 관람 추천 드리다 배우 케미 귀엽다 사랑 타이밍 어긋나다 끝나다 마련 잇다 판타지 시사회 먼저 오다 사랑 타이밍 첫사랑 기억 소환 영화 원작 훼손 한국 자다 풀다 내다 엔딩 개연 좋다 원작 반전 잊다 원작 감동 리메이크 무기 도경수 연주 비밀 플레이 버튼 고장 무한 재생 확정 극장 원작 모르다 재밌다 반전 시절 감성 느껴지다 좋다 도경수 피아노 기대 년전 기다리다 개봉 개봉일 오매불망 기다리다 원작 재밌다 어떻다 리메이크 나오다 기대다 얼른 원작 모르다 만해 원진 배우 연기 갱신 사랑 영화 재밌다 잔잔하다 음악 좋다 코믹 부분 리메이크 원작 크게 벗어나다 배우 달라지다 새롭다 비밀 밝혀지다 재밌다 원작 훼손 리지 만들다 좋다 전설 명작 한국 자다 리메이크 재탄생 영화 몽글몽글하다 멜로 영화 노래 기억 남다 연출 아쉽다 부분 배우 연기 커버 가능 원작 보지 래서 평점 낮다 이해 자다 기준 주다 화보 값어치 들다 도경수 사랑 빠지다 소년 자다 내내 미소 지다 음악 멜로 조합 강력하다 주인공 절대 정선 더욱 마음 흔들다 나름 웃기다 부분 적절하다 들어가다 멜로 개연 성은 얼굴 기다리다 설레다 작품 개봉 피아노 배틀 기대 영화관 가지 모르다 가다 계속 어서 개봉 돼다 도경수 진아 신예은 케미 기대 달달 첫사랑 로맨스 장르 신비롭다 타임슬립 판타지 장르 소소하다 콜라보 좋다 도경수 원작 재밌다 내일 예정 서울 가다 무대 인사 가다 재밌다 한국 느낌 자다 살리다 내다 좋다 원작 재밌다 리메이크 리메이크 느낌 정도 리메이크 개봉 첫날 조조 상미 좋다 배우 연기 케미 차다 좋다 여운 남아 원작 밝다 신선하다 극장 분동 힐링 무난 개방 아쉽다 피아노 배틀 애절하다 사라지다 설레임 원작 가지다 힘들다 계륜미 익숙하다 러브스토리 영화 원작 여캐 엔딩 불만 한국판 부분 바뀌다 바뀌다 설정 들다 도경수 원진 멜로 연기 괜찮다 신예은 넘다 귀엽다 배틀씬 아쉽다 깎다 원작 모든 부분 재미있다 감동 다가오다 감독 연출 부분 감동 피아노 배틀 무기 원작 어떻다 리메이크 지다 기대 영화 도경수 원진 신예은 영화 기대 기대 작품 원작 차이점 기대 배우 연기 궁금하다 비밀 나다 기대 음악 비중 적다 아쉽다 기억 남다 상미 연출 장면 지나치다 섬세하다 디테 완벽하다 영상 이쁘다 나오다 좋다 원작 리메이크 항상 기억 남다 사랑 이루다 연인 감동 남겨지다 부모 아픔 공감 부모 돼다 변주 한국 코드 감성 원작 색다르다 울리다 정서 연주 좋다 타이밍 스스로 만들다 사랑 타이밍 피아노 소리 좋다 음악회 가다 싶다 도경수 배우다 연기 차다 로맨스 어울리다 차다 맑다 소년 분위기 제격 초반 배우 들다 오글거리다 연기 힘들다 중간 중간 나오다 음악 좋다 꼬르륵 소리 안나 해주다 메인 시크릿 바꾸다 좋다 피아노 배틀 선곡 편곡 한국 화려하다 스토리 대만 좋다 한국 리메이크 나쁘다 원작 따라가다 돌라서다 만나다 싶다 사랑
모아나 2,모으다 히피펌 그리드 겠다 무난 만들다 만들다 속편 화려하다 디즈니 모험도 대치 화려하다 영화 이렇다 이브 속편 제작 계획 라면 곤란하다 시스템 불가능하다 업적 달성 난이도 디즈니 고이 지신 디즈니 속편 활용 감각 실력 뽐내다 몰입 특별하다 선악 구도 인생 지침 알다 슴슴 속편 모으다 각본가 편도 만들다 이다지 흥미롭다 모험 임팩트 모으다 마우이 케미 식다 게으르다 플롯 재탕 후속작 빌드업 양심 기대하다 현실 안주 디즈니 항해 모험 부르다 민망하다 영화 모으다 리뷰 비교 중심 모으다 코코넛 군단 마음 들다 되새김질 나쁘다 압도 호강 전작 훌륭하다 속편 기다리다 욕구 채우다 영화 편도 존버중 우린 찾다 영화 인터스텔라 인용 길다 정해진 정답 디즈니 암흑 선택 속편 무난 흥행 아우 여타 디즈니 세계관 다르다 아쉽다 많다 여정 래미 보여주다 싶다 짜다 뮤직 비디오 모으다 희생 이루다 내다 해양 통합 고민 매끈하다 즐겁다 여정 화려 해보다 비다 대신 오락 성은 높다 끝내주다 그래픽 즐거움 선사 예고편 들어맞다 디즈니 상미 다인 편의 감동 모으다 세련되다 오다 퀄리티 상미 사랑 가다 느낌 강하다 아쉽다 실망 내용 오스 전편 속편 치다 커지다 알맹이 나오다 내용물 억지로 짜내다 모습 보이다 안쓰럽다 사운드트랙 전작 매력 적다 속편 알다 즐겁다 화려하다 실속 위태 항해 똑같다 내용물 포장 바꾸다 개봉 만난 영화 기대 무난 인생 바다 방황 길잡이 이해 걱정 돼지 치킨 친구 가족 유대 모으다 성장하다 재미있다 장가 크다 화면 보라 추천 싶다 시즌 빌드업 아쉽다 디즈니 세상 공주 영웅 준비 모든 모험 완벽하다 준비 시작 흔하다 버리다 모험 반갑다 전편 반복 절망 허우적거리다 좌절 잃다 용기 희망 나아가다 항해 끝나다 드넓다 바다 성장 이론 원피스 보이다
모텔 캘리포니아,연출 연기 상미 음악 좋다 따뜻하다 아름답다 드라마 찾기 어렵다 모텔 캘리포니아 드라마 연기 구멍 연출 오스 좋다 호강 호강 드라마 재밌다 원작 재다 빠르다 전개 몰입 최고 현실 들다 남다 여주 첫사랑 앓이 시작 설레다 시원하다 뭉클하다 더하다 찰떡 흥미진진 대만 남녀 주인공 차다 예쁘다 모든 캐릭터 살다 인생 서로 도움 필요하다 느끼다 상사 따뜻하다 느낌 재미있다 화나다 응원 야하다 들다 첫사랑 순수 커플 배우 기도 빈틈 좋다 연기 괜찮다 연출 대본 연출 배우 완벽하다 드라마 연출 중요하다 좋다 배우 각본 연출 이상하다 힘들다 드라마 상미 연출 음악 빠지다 찾다 드라마 재밌다 작품 재밌다 진짜 순애보 잔잔 감동 사이다 이렇다 드라마 찾기 쉬다 아련하다 드라마 좋다 현재 아픔 고통 연기 세영 배우 감사 음악 영상 연기 좋다 설레다 기다리다 드라마 마음 어루만지다 느낌 들다 드라마 새롭다 변신 개사 캐릭터 강희 이세영 연천 간만 재미있다 드라마 나오다 추하다 이세영 나인 우연 기도 좋다 연출 세련되다 호강 기대 드라마 몰입 동화 감성 화면 매력 믿다 보배 이세영 연기 연출 서사 좋다 박히다 느낌 좋다 갈수록 재미있다 진짜 잘만 드라마 연기 연출 음악 좋다 최민수 자애 편안하다 아버지 역할 인상 기적 사랑 헌신 사랑 사랑 평등하다 이세영 나다 미가 좋다 이세영 연기 사랑스럽다 캐릭터 재밌다 유치하다 웹툰 쏘다 쏘다 이쁘다 연출 원작 모르다 이해 안되다 부분 스토리 연출 완벽하다 볼맛 나다 뜨다 모르다 드라마 유명하다
무빙,대한민국 최고 스토리 텔러 디즈니 자본 만나다 다르다 특별하다 한국 엑스맨 만들다 스토리 연출 빠지다 서다 아쉽다 드라마 정주 행해 야만 어떻다 능력 좋다 한국 히어로 물이 성공하다 기쁘다 시작 무빙 좋다 각색 원작 강풀 해주다 신의 한수 배우 연기 들다 강풀 원작 실사 성공하다 한국판 히어로 연기 액션 모든 완벽하다 이틀 주행 완료 넘다 재밌다 웹툰 보지 소재 흥미롭다 느껴지다 역할 스토리 자다 풀다 나가다 배우 역할 자다 소화 귀엽다 봉석 풋풋하다 청춘 초능력 멋지다 스파이 물이 탄생 훌륭하다 원작 아깝다 만들다 작품 자다 장면 체적 흥미롭다 캐릭터 재밌다 능력자 다루다 청춘 하이 로맨스 의심 간다 성공 퓨전 한식 뷔페 느낌 색다르다 익숙하다 집다 맛있다 액션 좋아하다 스토리 탄탄하다 드라마 신나다 놀이 공원 가다 놀이기구 타고 나니 나머지 고장 수리 나오다 초능력 확실하다 캐릭터 개성 지루하다 스토리 라인 자연 작품 녹다 떡밥 배우 열연 나오다 초능력 제일 완벽하다 작품 뚠빵 이의 화동 조련 당하다 미현 져지 천재 스토리 텔러 강풀 마무리 믿다 심다 통틀어 최고 드라마 몰입 어린시절 미드 히어로즈 느낌 느끼다 원작 어떻다 모르다 배우 매력 액션 시원시원하다 쫓다 가다 장면 솔직하다 라인업 내용 체적 마음 들다 처음 몰입도 최고 듭니 국내 힘드다 상당하다 수준 액션 무장 관심 과거 얘기 장창 구간 최악 과거 얘기 재미 전혀 오글거리다 어색하다 빠져들다 어색하다 특수 효과 설득 다리 스토리텔링 강풀 만화 작화 별로 재미 드라마 특효 연출 스토리텔링 별로 만화 노잼 나다 울다 엄마 봉석 한효주 이입 미안하다 디지다 잘쓰다 한국 써주다 만들다 나오다 완료 학교 가다 완료 분위기 자다 어가 명작 명작 해외 서도 호평 일색 액션 배우 기도 좋다 간만 재밌다 드라마 발견 출발 좋다 오픈 무빙 엄청나다 기다리다 키노 팝콘 이벤트 오픈 열리다 무빙 쇼케이스 참석 드라마 얘기 듣다 오다 더욱 기대 감성 히어로 후속작 많다 자본 신경 써주다 좋다 다양하다 초능력자 캐릭터 좋다 스토리 탄탄하다 한국 히어로 아름답다 이렇다 만들다 감사하다 우리나라 이렇다 액션 초능력 물이 나오다 이렇다 드라마 라면 추천 시즌 주다 야하다 무빙 단순하다 초능력자 가족 사랑 느끼다 특별하다 작품 다르다 특별하다 모든 인물 대입 설명 촘촘하 작품 한국 드라마 새롭다 역사 쓰다 무빙 에피소드 캐릭터 다루다 펼치다 재미 분명 좋다 시즌 전체 흐름 만족스럽다 시즌 기다리다 마음 강풀 능력자 람사 재미있다 예고편 괴리감 느껴지다 예고편 보여주다 작품 완전하다 느끼다 지겹다 얘기 지겹다 이끌다 간다 꿀잼 감동 액션 멜로 재미 두루 두루 자다 갖추다 드라마 무빙 강력 추천 기대 작품 귀엽다 웃음 나오다 드라마 나름 괜찮다 재밌다 개인 히어로 드라마 영화 제일 재밌다 남다 회차 들다 기대 영화 수준 스케일 연기 오다 닿다 가족 강추 액션 히어로 느와르 초능력 로맨스 다양하다 장르 새롭다 중반 에피 제외 전반 루즈 멜로드라마 옛날 감성 엄청나다 호평 공감 자다 가다 마지막 에피 한참 두다
범죄도시4,범죄 도시 카레 짜장 바뀌다 알다 김무열 단독 빌런 신기하다 느낌 새롭다 초심 지키다 느낌 슬슬 흥미 잃다 맛없다 알다 블라인드 시사회 편도 기대하다 출시 정도 남아 스포 해드리다 가다 그리다 걸다 이수 개인 편의 빌런 인상 편의 빌런 액션 신경 쓸다 부분 만족스럽다 응징 오다 카타르 시스 알다 여전하다 맛있다 나오다 시즌 제일 아쉽다 급하다 작업 빠르다 편집 놓치다 많다 느낌 자꾸만 웃기다 노리 치다 대사 웃음 잃다 김무열 섹시하다 롱런 변화 필요하다 시리즈 이기다 갈수록 부실하다 이유 블라인드 미완성 시사회 통해 관람 범도 맞다 깨닫다 고온 범죄 도시 보내다 갈수록 노잼 최고 대작 범죄 도시 범죄 도시 액션 빌런 매력 뛰어나다 스토리 늘어지다 느낌 들다 필요 인물 많다 현실 기반 매력 나머지 공산품 빌런 섹시하다 초반 복근 시선 강탈 석도 이수 콤비 웃음 지뢰 주옥 명대사 쏟아지다 천만 무난 돌파 액션 물이 되어다 버리다 세번 안당 달전 돌아가다 범죄 도시 재밌다 많다 제일 재밌다 가족 좋다 느끼다 액션 연출 유머 놓치다 진짜 재밌다 대소 시사회 뒤지다 지다 범죄 도시 화이팅 어제 시사회 보고오다 끓이다 김치찌개 최고다 생각나다 먹다 싶다 재밌다 호쾌 몰입도 높다 킬링타임 좋다 중간 중간 전편 패러디 좋다 멈추다 시리즈 유통 남아 익숙하다 도의 보석 항상 흥미롭다 마동석 액션 통쾌하다 재밌다 김무열 배우 잔인하다 나오다 아쉬움 박지환 배우 진짜 범죄 도시 주인공 맛있다 사골 재미없다 메가박스 조조 칼질 긴장감 무적 작품 전개 계속 재밌다 이렇다 나오다 분노 질주 시리즈 이기 가치 영화 시리즈 남성 너덜너덜하다 털리다 모습 영화 시리즈 성공 범죄 도시 흥행 공식 석도 이수 모든 퇴행 아시 똑같다 스토리 똑같다 액션 진짜 만들다 스토리 빌런 이름 바뀌다 똑같다 재미 액션 시원하다 건지다 모르다 시사회 찌다 관람 후기 마동석 범죄 도시 마이크 타이 느끼다 범죄 도시 조지 멀다 느낌 나서다 시리즈 마다 복싱 기술 구사 마동석 재미 기대 찌다 액션 섹쉬 빌런 김무열 마동석 마동석 이수 이수 재밌다 실망 가다 코믹 액션 황야 감독 마동석 조합 기대 충분하다 낮추다 인지 적당하다 즐기다 정도 영화 싶다 이렇다 한국영 화의 시장 상황 차다 시사회 통해 강력하다 석도 살인 병기 창기 대결 돌아오다 수의 코믹 얄밉다 장동 연기 돋보이다 역대 재밌다 기대하다 웃음 시원하다 사이다 안기다 액션 진짜 좋다 시리즈 제일 좋다 기대 버리다 시리즈 슬슬 더워지다 시원하다 강력하다 빌런 돌아오다 이수 알다 알다 무섭다 시사회 시리즈 물들다 연하다 다르다 진화 깊다 최고 프랜차이즈 코엑스 시사회 관람 소감 오다 해내다 솔직하다 기대 걱정 개봉 나다 예정 괜찮다 어제 시사회 다녀오다 범죄 도시 사이다 액션 유머 코드 시원하다 즐기다 어느새다 엔딩 크레딧 미국 존윅 한국 범죄 도시
베테랑 2,악의 경계 무너지다 명쾌하다 해답 건내다 넌지시 질문 던지다 범죄 도시 통쾌하다 약하다 웃기다 포인트 막히다 잡아내다 디플 먼저 공개 비질 란테 정도 유사하다 영화 좋다 감독 나이 들다 잃다 스토리 개연 성도 액션 추석 맞추다 개봉 서둘럿 기분 정해 연기 진짜 섬뜩하다 웃다 연기 대박 화보 내내 하품 완성 도면 재밌다 나오다 영화 군함도 이유 끄다 싸우다 부수 류승완 감독 속편 허투루 만들다 의지 초반 분만 읽히다 스토리 설정 따르다 설명 범죄 도시 시리즈 신경 쓸다 나다 기다리다 베테 늘다 기대 이하 비다 재미 계단 구르다 떨어지다 잔인하다 장면 나오다 몰입 지루하다 간만 메가박스 가다 범죄 도시 재밌다 보고오다 드리다 빌런 재밌다 아침 조조 간만 재다 형사 황정민 아빠 류승민 해치 영화 베테 진짜 베테 영화 내용 시원하다 액션 장면 시원하다 좋다 임팩 약하다 평이 질문 영화 사회 문제점 짚다 영화 연휴 가족 황정 정해 믿다 연기 쵝오 정해 발견 가볍다 킬링타임 영화 추석 시즌 맞추다 자다 나오다 나아지다 액션 액션 들리다 격감 뛰어나다 음향 전편 나아지다 스토리 구성 쿠키 반란 머리 찍다 진심 보지 말다 역대 최악 영화 공짜 보이다 주다 보지 말다 아깝다 황정민 정해 액션 자연스럽다 좋다 구걸 풍자 가족 애도 재밌다 내리다 액션 좋다 과장 현실 문제 빌런 빌드업 결말 스스로 뜨다 린다 액션 멋지다 재미 리뷰 쿠키 영상 래서 기다리다 들다 나가다 기다리다 나오다 동네 영화관 좋다 영화관 예정 액션 끄덕 메시지 끄덕 영화 완성 남다 올해 최악 영화 감독 내리막 정점 찍다 영화 의미 사회 이슈 소재 년대 개그 코드 억지로 끼다 넣다 명대사 모음 필요없다 서사 악당 시리즈 접다 내용 구성 성하다 조르다 재미 영화 망하다 넘어가다 망작 영화 배우 액션 힘들다 찍다 짠하다 느낌 해인 나오다 다해 해인 연기 액션 변신 돋보이다 작품 해인 보이다 독보 연기 액션 소름 돋다 액션 좋아지다 케케묵 정의론 지겹다 호불호 강하다 심야 재밌다 정해 눈빛 지도 출연 재미 가다 모르다 정해 깔다 연기 가다 모르다 다크 메세지 감독 고민 이해 후회 정해 캐리 따다 재밌다 정해 연기력 남산 액션 최고 음서 적당하다 이렇다 액션 영화 가다 알다 풀다 과정 몰입도 떨어지다 사회 현실 꼬집다 좋다 아저씨 코골 정도 스토리 뻔하다 내용 맞다 시나리오 성하다 추석 개봉 충만 영화 비질 란테 시리즈 느껴지다 사적 제재 온갖 세상 군림 사건 감독 메세지 스며들다 재밌다 전체 스토리 예상 돼다 몰입 가다 연출 지루하다 처단 위선 별로 황정민 연기 식상하다 무언가 어색하다 느끼다 정해 연기 좋다 뻔하다 스토리 억지스럽다 장면 많다 지고 평이하다 시장 이만 영화 욕먹다 영환 류승완 미학 철학 담기다 영화 친구 외마디 비명 지르다 촛점 흐트리 재밌다 영화 진짜 강하다 비질 란테 미만 범죄 도시 드립 치다 다사 실패 솔직하다 내용 뻔하다 정해 재밌다 진짜 정해 연기력 얼굴 레전드 재미나 스토리 개연 아쉽다 최근 대두 사회 문제 질문 던지다 베테 기대하다 솔직하다 이렇다 영화 망하다 명성 성공하다 싶다 안보 나오다 건지다 아시 베테 베테 재밋 추천 천만 가다 비질 란테 생각나다 소재 개그 포인트 내내 정색 사이다 포인트 심리 의도 실패하다 작품 범죄 도시 영화 새삼 느끼다 해주다 시즌 재밌다 캐릭터 부분 확실 재밌다 전체 스토리 구성은 아쉽다 안보 눈빛 녹다 재미있다 민망하다 정도 스토리 빈약 오버 연기 불편 에피소드 추석 연휴 후회 선택 반갑다 많다 부분 아쉽다 많다 많다 분만 내내 영화관 뛰다 치다 나가다 싶다 만오천원 짜다 참다 매스미디어 이면 들추다 표면 드러나다 매체 비관 질문 영화 대답 남주혁 나오다 비질 란테 따르다 웃기다 용도 별로 재미없다 솔직하다 예전 나오다 영화 남산 추격 신다 간만 오다 류승완 감독 살짝 잃다 시원하다 사이다 보여주다 기대하다 할아버지 희한하다 개그 재미없다 나머지 액션 몇몇 기억 남다 류승완 보급 다크나이트 취향 확고하다 물불 가리다 류승완 연출 억지로 웃기다 관객 극장 찾다 라면 여운 짙다 가족 모이 내용 많다 집중 힘들다 액션 영화 찝찝하다 처음 류승완 감독 전작 흥행 심취 속편 많다 시도 흔적 보이다 시리즈 핵심 대중성 오락 동력 잃어버리다 양산 프랜차이즈 작품 되어다 버리다 소름 돋다 재미없다 영화 처음 의미 부족하다 개연 숨다 미장센 가득하다 이도 도아 재밌다 액션 류승완 감독 작품 항상 지다 재미있다 영화 좋다 전작 오락 성은 딜레마 넣다 부여 딜레마 안기다 주다 황정민 내비 잘못 찍다 광수 경찰차 도철 이형 상대 두드리다 맞다 터지다 놓다 베테 시리즈 액션영화 한편 되어다 재다 간만 시원하다 영화 많다 연출 극본 베테 들다 어디가 이렇다 영화 되어다 전편 주인공 멋있다 우연 의지 문제해결 크다 문제 스피드 쿠폰 발행 아깝다 가리다 소리 들다 신선하다 폭력 장면 많다 싫다 어제 극장 오다 재밌다 처음 탄도 재밌다 황정민 믿다 배우다 정해 시크 좋다 류승완 감독 영화 재임 소재 의적 액션 나쁘다 거기 자하 스토리 맞추다 유치하다 메세지 별로 오다 닿다 오락 영화 오락 영화로 두다 담다 이도 상업 영화 연출 베테 류승완 감독 감독 베를린 퀄리티 액션 주먹 울다 묵직하다 울림 감독 맞다 구심 들다 정도 만공 벗어나다 도철 황정민 이쒸 시작 이쒸 끝나다 영화 짜증 원인 모르다 과도 영화 감상 이쒸 형편 편의 소장 의미 정해 연기 좋다 현실 내용 별로 의도 건지다 모르다 아웃 포커 싱하 장면 질감 심하다 몰입도 떨어지다 진짜 어둡다 기억 남다 장면 굳이 찾아보다 옥상 격투 정도 나머지 별루 웃음 포인트 감동 포인트 아예 배우 연기력 영화 베테 추석 연휴 베테 덥다 아쉽다 코믹 배우 오버액션 개연 성도 수준 넘다 낮다 내내 하품 진범 치다 고작 다리 졸리다 흔적 단정 웃기다 전작 답습 감독 고민 시도 좋다 감탄 나오다 액션 폭력 바라보다 감독 변화 시선 좋다 황정민 황정민 정해 놀랍다 어제 재밌다 범죄 시리즈 재밌다 정해 발견 몰입도 일등 공신 평점 테러 오락 영화 대단하다 감동 바라다 나쁘다 부족하다 비다 받다 똑같다 비질 란테 불호 재미없다 베터 웃음 코드 스토리 루고 사적 제재 정돈 질문 미흡하다 반론 재미없다 다그 감독 변화 줄다 스토리 뚱딴지 초기 작품 벗어나다 한계 느껴지다 읽다 킬링타임 용다 자다 간다 피곤하다 건가 정신 피로하다 건가 정의 집행자 사이 이상하다 잔혹하다 통렬 균형 감다 엔딩 시작 우쒸 기민하다 류승완 수정 주의 형사물 비관 사회 도철 수갑 희망 제시 방법 동시 여전하다 한국 대중 영화 최전선 증명 류승완 범죄 도시 최악 유아인 천만 들어주다 전작 해보다 후속작 맞다 싶다 분위기 다르다 개그 코드 억지스럽다 싶다 이름 이어진 별개 나름 재미 느껴지다 범죄 도시 비질 란테 베테 각본 연출 실망하다 장면 저렇다 소리 나오다 쿠키 영상 대사 해주다 싶다 똑같다 정성 듬뿍 담기다 고민 흔적 보이다 잘만 영화 히어로 물이 인간 도철 진득 담다 내다 좋다 해치 의식 고민 전편 특색 지우다 버리다 무난 블록버스터 빌런 동기 빌드업 아쉽다 베테 흥행 요소 속편 나오다 세월 변주곡 많다 관람객 로움 주지 정의 이름 웃음 빼다 묵직하다 내다 찍기 개연 성도 연속
별들에게 물어봐,드라마 새롭다 장르 기대하다 시작 해보다 작가 연출 배우 전작 의리 민난 우주 소재 선택 크게 후회 신선하다 터트려줘 대사 연출 산만하다 우주 관련 싸하다 아깝다 기대 남다 비다 여주 나이 들다 몰입 깨지다 공효진 배우 드라마 흥행 불패 신화 깨다 현재 기대 들다 시점 어떻다 자연스럽다 산만하다 혼동 경우 자연스럽다 소재 연출 촬영 새롭다 우주 시트콤 가능하다 재미 주행 겠다 오다 본방 사수 해보다 대다 늙다 달이 우주 로맨스 해보다 싶다 무리수 농담 던지다 부장 드라마 초반 스토리 이상하다 싶다 이상하다 공감 안되다 솔직하다 이렇다 놨어 신선하다 딱하다 재미 우주 배경 이면 눈쌀 찌푸리다 대사 많다 스토리 실화 중간 포기 배우 가지 찍다 공상 과학 시트콤 도대체 애매하다 망드 망드임 배우 드라마 화만 잃다 만들다 우주 망작 드라마 다크 계보 잇다 작품 등장 우주선 한정 공간 지구 한정 공간 대비 스토리 간다 주인공 우주선 한쪽 무게 기울다 배우 연기 커버 노잼 공효진 드하 이민호 연기 한계 아쉽다 이민호 돌아오다 반갑다 공효진 연기 자다 계속 가다 자연스럽다 자다 연기 원래 자다 공간 제약 주다 답답하다 한계 신선하다 스토리 배경 뛰어넘다 버겁다 보이다 좋다 소재 신선하다 짜다 화가 남다 예정 사랑 궁금 중간 탈주 재미없다 들이다 각본 연출 말아먹다 용이 공효진 배우 나오다 만들다 올해 최악 들다 삼류 쓰레기 로맨스 쓸다 제작사 정신 연출 개연 형편 스토리 라인 미스캐스팅 시시콜콜하다 내용 기대하다 가다 느낌 초반 출연자 소재 좋다 아보 시작 진짜 소재 출연자 좋다 중간 싶다 마지막 영상 리스트 삭제 기대 실망 화땐 로코 감안 재미있다 화땐 처참하다 화땐 진전 바람 유전자
보고타: 마지막 기회의 땅,낭비 상당 예측 가능 뻔하다 스토리 영화 마지막 갈수록 굳이 싶다 내용 년대 후반 한국 영화 시장 직전 한국 스스로 보여주다 부산 국제 영화제 보고타 미리 오다 자다 한국 떠나다 콜롬비아 보고타 정착 국희 통해 한인 느와르 느낌 풀다 영화 이민 사회 믿다 세상 장르 변화 치밀하다 무너지다 보고타 맛보다 무섭다 불신 새해 영화 선택 영화 차다 만들다 해외 가다 찍다 안되다 등급 높다 좀더 찌다 만들다 어떻다 시사회 정확하다 파악 제공 기회 기회 기회 원래 모든 무참 밟다 결말 건지다 모르다 쓰다 살아나다 벌어지다 민간 한인 음모 밀수 우기다 넣다 범죄물 싸하다 포장 이희준 콧수염 분장 싼마이 비주 얼다 라비 콜롬비아 대사 촌스럽다 뭉툭 서사 캐릭터 어필 소재 개성 잔뜩 무게 느끼다 참담하다 보고타 마지막 기회 끼다 허무하다 싶다 영화 도통 모르다 보고타 마지막 기회 후기 동물 세계 극단 먹이사슬 자다 보여주다 독특하다 소재 콜롬비아 배경 국적 장면 영화 배우 연기 출중하다 가득하다 송중기 자다 어울리다 캐릭터 새해 최악 영화 탄생 커피 진하다 밍밍 망작 사투리 오다 커피 진하다 어떻다 캐릭터 스토리 전달 부족하다 몰입 어렵다 건너 불구 경하 영화관 나오다 느낌 이건 영화 이국 처절하다 메시지 자다 전달 중반 여러 이해관계 섞이다 흥미롭다 중후 부로 가면 빠지다 느낌 실력 배우 연기 깔다 최악 영화 현재 날짜 콜롬비아 패딩 밀수 소재 박해 재밌다 영상 미도 좋다 배우 연기 몰입 재밌다 오다 개인 소재 특이하다 재밌다 배우 연기 좋다 첨예하다 스토리 총성 난무 깊이 떨어지다 쓸모없다 알다 쓸다 생기다 좋다 싫다 갈다 수록 갈등 가다 느낌 믿음 벌이다 배신 보고타 잘못 문제 들다 성나다 나오다 평점 낮다 기대 그치다 루즈 송중기 다양하다 캐릭터 살리다 어설프다 느와르 구역 고사하고 구역 힘들다 보이다 재밌다 시대 상과 자다 맞다 시나리오 국적 풍경 한몫 콜롬비아 영상 미가 지루하다 배우 연기력 좋다 기회 영화 해외 촬영 국적 풍경 영상 미가 아름답다 지루하다 무한도전 알다 보고타 해주다 영화 로케 영상 미가 예쁘다 구석 채우다 멋지다 영화 되어다 별로 궁금하다 망하다 외동아들 콜롬비아 생존 장사 느와르 무능하다 연출 무기 각본 한국영 범죄 느와르 장르 밑바닥 뻔하다 우물 보여주다 한계 롤렉스 째깍 째깍 마피아 영화 플롯 정감 몰입 영화 진짜 심각하다 재미없다 주인공 몰입도 전혀 안되다 중구 난방 도무지 이해 스토리 뭐라다 라비 콜롬비아 나오다 상치 자꾸만 스토리 흐름 끊기다 이상하다 전개 무도 보고타 드립 꿀잼
서브스턴스,영화 이유 가지 말씀드리다 부위 별로 나누다 품평 오래되다 신선하다 버려지다 인간 덩어리 다르다 찬란하다 기괴하다 역겹다 아름답다 영화 씨발 외모 내면 아름답다 중요하다 미디어 의하다 극단 요구 아름답다 잔혹 슬프다 풍자 영화 서브 스턴 정보 출연 관람 평점 줄거리 리뷰 결말 후기 스포 쿠키 외모 지상 주의 신랄하다 비판 하드 고어 영화 추천 몰입도 색감 좋다 후반 힘들다 세련되다 음악 기괴하다 바디 호러 채우다 불쾌감 좋다 마지막 분수 모든 싫어하다 바치다 영화 상영 내내 쉬다 영화 인정 서브 스턴 키노 시사 후기 메시지 진부하다 수도 신선하다 도발 그로테스크 연출 상미 충분하다 작품 마지막 김건희 말로 나오다 신의 감각 힘들다 감독 나오다 어물 미리 알다 주다 영화 알탕 끊다 화보 다가 중간 친절하다 뚜껑 직접 열다 쑤시다 넣다 메시지 나르다 사랑 이러하다 소재 갈다 감독 그로테스크 좋아하다 최고 영화 캐리 재림 선택 절제 중요하다 나르다 사랑 아끼다 메시지 주다 충격 명작 사회 시선 걸다 미적 기준 외부 비롯 되어다 쉬다 강렬하다 메시지 흉측하다 기괴하다 방식 주의 필요하다 엘리자베스 섞다 진정하다 드러내다 나오다 대중 기괴하다 반응 작다 크다 끝내 지다 영화 철학 끝내주다 쾌감 스믈스믈 올라오다 비정하다 올드 탐욕 죽음 강의 연출 펼쳐지다 캐리 슬프다 영화 슬프다 받다 떼다 영화 중간 실소 나오다 눈살 푸다 웃기 징그럽다 아름답다 모든 느끼다 영화 자아 망각 청춘 집착 후반 부로 갈수록 고어 물이 되어다 만하 성형 데미무어 주연 개연 보이다 끄다 서브 스턴 만족도 영화 연출 예술 데미무어 연기 해내다 몰입도 높아지다 갈수록 상상력 한계 뛰어넘다 웃음 터지다 취향 저격 납득 가다 연출 인간 탐욕 레전드 정신병원 아름답다 스타 고정관념 가지 집착 괴물 크레이지 섹시하다 호러블 쇼킹 초반 다양하다 보여주다 즐겁다 후반 어물 변하다 스마일 엔딩 장면 충격 외모 집착 정병 바디 호러 비판 충격 도구로 사용 순간 주제 잃어버리다 늘다 릭쇼 몬스터 포르노 되어다 버리다 고어 기괴하다 불쾌하다 연속 터지다 향연 정신 절대 안되다 올해 최고 제작 성과 외모 젊음 사회 고착 이미지 거치다 풍자 통해 본질 도달 충격 이미지 향연 에너지 배기 발화 폭발 마무리 모든 자리 부족하다 아름답다 부디 나르다 사랑 재미 힘들다 데미무어 말년 시도 과감 시도 괴작 소재 신선하다 결말 가다 브레이크 광란 토마토 축제 밉다 집착 더욱 묘사 영화 켜다 오금 저리다 자다 영화 영화 여성 스타 흥망 성쇠 표현 싶다 정도 간다 징그럽다 추천 데미무어 몸매 감상 주제 명확하다 노골 불쾌하다 많다 포스터 적다 알다 뇌절 고어 보지 메시지 강하다 영화인 맞다 싫어하다 장르 영화 레퀴엠 카펜터 크리 치다 무비 곁들이다 느낌 프로듀서 하비 맡다 배우 페어 런트 트랩 아빠 충격 알다 찝찝하다 사운드 한몫 좋다 영화인 알다 내내 끝나다 기다리다 후반 가다 작정 싶다 힘들다 이유 달다 알다 외모 지상 주의 유리천장 꼬집다 영화 외모 지상 주의 비판 영화 나다 모르다 영화 배우 외모 감탄 경악 중반 괜찮다 후반 메시지 전달 치중 밸런스 잃어버리다 아우 싸대기 맞다 느낌 영화 정체 이해 싶다 부족하다 재미 추천 갈수록 영화 내내 데미무어 고통스럽다 고스 느껴지다 작품 젊음 외모 관객 고통 간접 체험 작품 스탠리 큐브릭 데이빗 린치 데이빗 크다 버그 가깝다 플라이 익스 텐션 영화 문법 풀다 음향 인정 고어 메세지 오다 닿다 메시지 확실하다 알다 지루하다 중후 전개 자다 나가다 지점 뇌절좀 나쁘다 시청 주의 마지막 좋다 다물다 영화 신랄하다 이렇다 쓰다 표현 눈사 필요 오래되다 신문지 써다 필체 선명하다 알아보다 쉽다 메시지 주사 맞다 대견하다 연출 감각 사운드 어우르다 상당하다 그로테스크 비주 자체 선사 얼얼하다 충격 나르다 인정 오다 나일 영화 본질 이어지다 거지 세월 순리 역행 탐욕 부추기다 피빛 난리 부족하다 역겹다 미디어 유니크 강렬하다 쉬다 잊혀지다 경험 전달 메세지 비다 연출 극단 마지막 장면 갈다 필요 진짜 기괴하다 몰입 곱씹다 기괴하다 흥미롭다 영화 자꾸 생각나다 후반 살짝 아쉽다 진짜 공포 느끼다 만족 이렇다 끔찍하다 영화 좋다 고조 이내 터지다 버리다 창의 면서 괴랄 바디 호러 무비 인생 담보 젊음 갈구다 인간 욕심 늙다 밉다 갈구다 인간 본능 풍자 좋다 자다 만들다 뮤비 느끼다 오감 역겹다 부들 거렸던 과욕 본능 신랄하다 직관 과감 연출 엽기 자체 엘리자베스 스파 크다 모든 여성 나은 늘다 단순하다 껍데기 나오다 피로 몸소 알다 영화 과거 얽매다 나약하다 인간 파괴 순간 눈물 만들다 작품 번은 부정 엽기 극치 이렇다 스토리 대체 어떻다 나오다 걸다 무수 강박 욕망 욕심 내다 때로는 인정 용기 필요하다 나르다 머리 박히다 영화 들다 영화 들다 내용 이해 징그럽다 내내 무섭다 싶다 영화 젊음 노화 인류 산물 살다 살다 중간 막판 뛰다 치다 나오다 싶다 영화 처음 극한 강렬하다 다다르다 하고프다 본질 튀어나오다 후반 부가 뇌절 몰입도 높다 영화 거기 내내 주인공 행동 답답하다 화나다 공감 지점 슬프다 풍자 혐오 사이 평이 공감 청각 연출 훌륭하다 영화 나오다 외모 정병 고치다 처음 엉망 진창 싸구려 지나다 계속 생각나다 후반 주인공 화나다 데미무어 쫓아가다 장면 좋아하다 장면 럽마셆 싸움 슬프다 자기혐오 파괴 모습 슬프다 나르다 사랑 순간 나르다 죽이다 도리 그레이 이드 할리우드 나다 사랑 싶다 처절하다 화려하다 연출 좋아하다 최고 화일 여자 만들다 영화 자체 대단하다 기괴하다 이렇다 영화 따름 액셀 밟다 싶다 돌아보다 악세다 밟다 허상 가면 벗다 찾다 얼굴 슈퍼 파월 싫다 새롭다 나르다 탄생 욕망 불다 새롭다 잡아먹히다 사라지다 조커 육체 파먹히다 묘사 돼다 실제 영혼 깎다 먹히다 한편 고귀하다 영혼 육체 개봉 처음 어번 영화 확실하다 이영화 처음 주다 강렬하다 인상 깊다 오늘 더욱 사랑 결심 만들다 영화 끊임없다 혐오 아름답다 집착 보여주다 파격 강렬하다 붉다 호러 영화 처절하다 파괴 놓치다 관심 사랑
소방관,홍제동 화재 사건 연기 담담하다 풀다 마음 아프다 영화 영화 끝나다 많아지다 영화 소방관 처우 개선 계기 되어다 슬프다 소방관 화이팅 시사회 미리 소방관 들다 노고 전달 감동 영화 대한민국 소방관 들다 화이팅 영화 소방관 무대 인사 시사회 후기 올리다 화가 나다 답답하다 먹다 먹다 눈물 멈추다 제발 다시다 이렇다 발생 바라다 생명 본인 목숨 내다 들이다 영화 완성 낮다 다큐 만들다 좋다 유료 관람 가치 낮다 눈물 강요 담배 영화 좋다 자연 영화 에녹 들다 화재 장면 가다 리얼 메이킹 다양성 영화 가나 좋다 장갑 에피소드 진짜 얘기 찍다 행정 진짜 분노 끓다 영화 내내 눈물 나다 시사회 미리 실화 바탕 몰입 감다 좋다 처우 개선 되어다 는걸 알다 개선 바라다 바라다 영화 볼때 보통 팝콘 먹다 계속 팝콘 가슴 가다 영화 울다 모든 소방관 들다 감사하다 시사회 리뷰 실화 바탕 만들어지다 영화 몰입 최고 진짜 배우 연기 좋다 나머지 감정이입 숨죽 집중 눈물 살짝 흘리다 나오다 뻔하다 눈물 나다 야하다 가슴 느끼다 야하다 홍제동 화재 사건 다루다 대부분 사건 범인 원인 중심 돌아가다 내용 알다 불구 소방관 입장 눈물 나다 실화 영화 화하다 고민 흔적 전혀 보이지 한가지 교훈 얻다 한국 영화 자막 달다 안되다 적다 신파 단점 경우 진짜 슬프다 펑펑 울다 뛰다 싶다 슬프다 뛰다 국짐 곽규택 구석 화면 전환 부자연스럽다 스토리 도무지 이해 전개 보여주다 소방관 노고 헌신 메세지 담다 영화 만들다 화가 나다 시사회 개봉 미리 소방관 직업 해보다 많다 화이 소방관 처우 개선 되어다 좋다 잊다 말다 가슴 아프다 사건 소방관 노고 담다 내다 영화 영화 자다 돼다 많다 좋다 감사하다 기억 소방관 영웅 빛나다 명감 희생 스포 소방관 존경 소방관 되어다 힘드다 존경 응원 영화 감정 느껴지다 울다 싶다 소방관 싶다 알다 연출 부족하다 보여주다 싶다 많다 연기 좋다 진짜 연출 별로 슬프다 소방관 처우 부디 개선 기르다 바라다 소방관 노고 깊다 포함 작품 소방관 항상 존경 감사하다 히어로 좋다 앤딩 크래딧 보고오다 영화 끝나다 먼저 들다 영화 자다 만들다 영화 관람 메시지 전달 해주다 메시지 통해 변화 주다 소방관 역할 해내다 소방관 기도 서든 눈물 나다 아쉬움 많다 좋다 영화 소방관 처우 개선 도움 주지 나다 이렇다 주제 영화 제작 확신 가지 영화 기리 마음 덮다 넘어가다 허다 캐릭터 실화 바탕 슬프다 마지막 박효신 노래 나오다 눈물 애쓰다 담담하다 그리다 숭고하다 희생 정신 커서 소방관 감동 재미 골목 불법 주차 소방관 들다 열악하다 환경 느껴지다 많다 어쨌든 소방관 들다 감사하다 진심 아무나 이란 새삼 느끼다 보지 말다 위대하다 훌륭하다 소방관 들다 노고 저절로 박수 응원 나오다 담기다 영화 아쉽다 그릇 작다 소방관 감독 동생 곽규택 국민 의원 지난 윤석열 대통령 탄핵 표결 불참 의원 감독 동생 의원 선거 유세 활동 적극 동참 해오다 진짜 양파 나오다 다가 또울 다가 마지막 읽다 정차 지키다 몰상식하다 태도 고치다 야하다 영화 많다 눈물 흘리다 끝내다 많다 소방관 들다 응원 지지 소방관 소재 가려지다 조악하다 신파극 많다 와중 신파 버리다 안타깝다 슬프다 사건 잊다 말다 영화 얼른 기억 지우다 싶다 추다 겨울 소방관 노고 명감 깊다 감사하다 느끼다 마음 따뜻하다 지다 영화 소방관 들다 고마움 보여주다 제도 목숨 쓰이다 진정 연기 좋다 연기 날다 보내다 편집 연출 아쉽다 희생 헌신 가치 영화 통해 상기 순직 소방관 명복 진심 비다
스터디그룹,좋다 원작 살리다 원작 크게 벗어나다 좋다 유치하다 부분 순삭 재미있다 만하 기대 먼치킨 나오다 학원물 참다 얼굴 신인 신선하다 모르다 황민 얼굴 재밌다 넷플 다나 오다 순삭 존잼 파워 세련되다 액션 꽂히다 연출 만화 찢다 나오다 배우 배우 질리다 새롭다 배우 나오다 신선하다 전편 공개 해주다 기다리다 오늘 소감 영웅 덜맵 슴슴하 충분하다 매력 맛있다 느낌 세라 잔인하다 무섭다 액션 액션 연출 좋다 웃기 사이 다물다 먼치킨 장르 나오다 차갑다 기대
아마존 활명수,예능 알다 지도 부분 웃음 터지다 마지막 전형 짠하다 영화 억지 웃음 코드 뻔하다 스토리 웃다 감동 느끼다 야하다 지다 꼭좀 알다 예상 개그 개그 맞추다 짜릿하다 코믹 감동 폭발 명수 느낌 들다 작품 뻔하다 스토리 영화 유튜브 아마존 눈물 다큐멘터리 류승룡 배우 과거 극한 직업 감상 나다 관점 다양하다 기준 가족 즐겁다 마음 편하다 영화 명절 코믹 영화 웃음 코드 진부하다 억지 스럽다 억지로 웃어쥬 싶다 나오다 유치 재치 차이 부끄럽다 간만 빡치다 중학생 일주일 만들다 제작비 마르다 대박 순식간 가다 빵터지다 개꿀잼 최고 영화 쿄미디 맞다 웃기다 웃기다 유치하다 이루 말로 아프다 정도 웃기다 정도 킬링타임 나쁘다 얼기설기 구성 과장 유머 더하다 소화 불량 낡다 연출 클리셰 덩어리 코미디 제목 개그 타율 높다 이렇다 개그 알다 크다 오산 초등학교 자녀 좋다 영화 거기 영화 막히다 뚫다
오징어 게임 시즌 2,시즌 작품 시즌 오다 재미 잃다 오글거리다 구리다 연출 가득하다 재밌다 늘어지다 서사 지루하다 게임 욕심 많다 편의 검다 공유 배우 시즌 걸리다 치달리다 전개 마지막 만들다 시즌 늘다 방지 계속 넘어지다 느낌 후반 불다 양복 신들리다 연기 빠지다 주행 만들다 한국인 느끼다 오글거리다 오징어 게임 만들다 내놓다 완벽하다 정답 제작비 배우 섭외 쓸다 대안 임샨 출연 몹시 기대 에러 이건 오징어 잖다 오징어 게임 게임 어디가 시즌 늘다 나오다 돼다 재밌다 전작 명성 이용 흘러가다 알다 후속 시리즈 나오다 걸리다 많다 고심 느껴지다 재밌다 평점 박하 시즌 뛰어넘다 작품 원래 그리다 많다 시즌 어차피 평타 정도 커지다 느낌 시즌 억지로 늘리다 느낌 시즌 좋다 나오다 최악 공유 발견 지루하다 전편 재미없다 캐스팅 어이없다 시리즈 만들다 느낌 노스 대체 불가하다 캐릭터 덥다 계속 거슬리다 박수 떠나다 시즌 오다 시즌 굳이 나누다 걸다 공유 시즌 가다 오다 좋다 고구마 찌다 따오다 사도 계속 나오다 허망 가다 캐릭터 잡아먹다 의미 불호 오징어 게임 오징어 투표 멈추다 잡다하다 의하다 어지르다 게임 재미있다 공유 인상 시즌 재미 공유 러시안룰렛 표정 크다 박성훈 존예 남자 크다 캐릭터 자체 역겹다 따다 미드 항상 배우 아치 연기 시즌 가기 검다 시즌 시즌 캐릭터 시즌 새롭다 출연 캐릭터 조화 고민 흔적 보이다 몰다 정도 흡입 개인 시즌 늘다 매력 재밌다 시즌 끝내다 좋다 깔끔하다 시즌 길다 끄다 느낌 표기 한층 풍부하다 난잡하다 흥미 잃다 노스 마블 이름 배우 캐릭터 고려 시즌 늘다 성공하다 기대 내용 공개 안됫 초반 서사 길다 지루하다 관객 원하다 훌륭하다 연출 되어다 나오다 시즌 염두 어설프다 결말 마지막 시즌 나오다 몰다 추천 공유 연기 교실 잔치 빛나다 공유 대체 공유 도파민 폭발 웬만하다 도파민 나오다 뻔하다 플롯 클리셰 집합 낮다 점수 는가 점임 시즌 중간 단계 빌드업 몰다 재밌다 이건 너무하다 시즌 화려하다 라인업 기대 관건 벌써 기대 재밌다 대군 이정재 기대 별로 워낙 오징어 게임 흥행 기대하다 초반 루즈 게임 시작 흥미진진 이병헌 연기 명불허전 가다 다려지다 달다 좋다 풀다 설명 지루하다 각본 연출 감독 시즌 빌드업 탄탄하다 자다 쌓다 정도 나쁘다 혹평 넘다 많다 공유 연기 엄청나다 후반 빠지다 기다 시즌 어떻다 끝나다 궁금하다 야무지다 시즌 완결 헤치다 벌다 시즌 제작 숙명 쿨하다 깔다 시작 오징어 떡밥 눈요기 충분하다 흥취 시즌 빛나다 시즌 뛰어넘다 가면 갈수록 아쉽다 전개 시즌 나누다 시즌 끝내다 좋다 작품 신념 대립 증명
오징어 게임 시즌 3,기대하다 제발 재밌다 바라다 마음 미리
원경,출연자 노출 수위 대본 촬영 직전 콘티 콘텐트 제작 돼다 공개 돼다 대역 배우 얼굴 합성 기괴하다 티빙 정신차려라 관심 끄다 시대 끝나다 시대극 주영 배우 비주 어울리다 고구마 예상 재밌다 주의 파다 이렇다 정도 가르다 치르다 야하다 역사왜곡 악취 가득하다 드라마 암담하다 재밌다 사극 좋아하다 빠지다 재밌다 하필 오픈 시점 시국 영향 악플 경은 사악하다 멍청하다 드라마 오픈 시점 드라마 나은 드라마 드라마 최대 빌런 채영 태종 처가 자격지심 왕비 대감 들다 발암 캐릭 나오다 냉대 세종 기르다 이건 입지 인간 고뇌 고찰 웃기 경이 대사 들다 밉다 들이다 외치다 당당하다 여성 자체 던데 벗기다 남자 좋다 짜증나다 사상 원경왕후 기대 주영 아쉽다 취향 스토리 진부하다 포커스 삼류 사극 노출 여주 캐스팅 연하다 나다 김건희 드라마 만들다 하드 주영 전역 자다 어울리다 대본 너무하다 출연자 연기 나무라다 개연 부족하다 단점 방원 갑작스럽다 감정 변화 떠나다 내용 피로하다 현실 넘치다 피곤하다 개존잼 예전 부작 대하드라마 제작 해달라다 한국판 튜더스 재미있다 마네 구심 생기다 하차 이현욱 배우 어쩜 그리다 나쁘다 역할 이방원 역할 딱이다 노출 배우 연기 재미있다
웬즈데이,캐릭터 매력 버튼 스럽다 바라다 마지막 화가 아쉽다 캐릭터 하이 케미 차다 매력 기괴하다 유쾌하다 분위기 버튼 에이지 성장 로맨스 스몰빌 크리에이터 만나다 일구다 내다 메이드 슈퍼내추럴 코미디 호러 드라마 진짜 최고 캐릭터 설정 좋다 상상 현실 경계 상상 소재 해보다 소재 매력 느껴지다 만난 취향 적당하다 음산하다 유치하다 좋다 굳이 따다 유치하다 귀엽다 추리 가깝다 추천 완성 높다 버튼 상미 취향 쏘다 버리다 양산 넷플릭스 드라마 스며들다 버튼 고딕 캐릭터 어리다 주연 배우 연기 작품 분위기 스며들다 가다 좋다 시즌 가다 기대 버튼 제발 애니메이션 만들다 똑같다 잊다 시작 엔딩 매력 동경 어른 잔혹 동화 만들다 버튼 없어지다 잃다 모습 슬프다 정도 라면 웃다 보내다 달콤 살벌하다 해리포터 전설 현실 만날 버튼 분위기 하이 적절하다 유머러스하다 넘다 도와주다 가볍다 전개 스토리 사건 중심 인물 달라지다 버튼 작품 어둡다 신비롭다 분위기 더하다 작품 영상 분위기 취향 대사 취향 흑염룡 후반 빠지다 캐릭터 좋다 캐릭터 매력 재미있다 머리 기이하다 수록 중독 기괴하다 버튼 스타일 만들다 학교 추리물 정도 예상 가능하다 전개 방향 예측 스타일 포인트 학원물 이렇다 어둠침침하다 필요하다 대다 내려오다 편견 악습 맞서다 주인공 캐스팅 버튼 연출 비발디 사계 연주 주인공 춤추다 모습 생각나다 돌리다 정도 최근 버튼 감독 아쉽다 행보 시리즈 만나다 해결 초반 재밌다 독특하다 매력 후반 뻔하다 뻔하다 변하다 버리다 아쉽다 로맨스 재밌다 작품 로맨스 재밌다 작품 웬즈데이 성장 과정 상당하다 재밌다 시즌 줄다 캐릭터 매력 영상 미가 버튼 전반 부와 후반 부의 차이 아쉽다 알다 맛있다 웬즈데이 기묘하다 분위기 첼로 연주 그니 치다 잘나다 독선 재미 필수 불가결하다 소일 끄다 캐릭터 이해 해주다 얼른 내놓다 시즌 안광 죽다 제나 오르테가 좋다 웬즈데이 천재 성도 버튼 기괴하다 심하다 너프 넷플릭스 하이 드라마 사랑받다 싶다 연애 친구 사귀다 엄마 미워하다 시즌 기다리다 해리포터 분위기 퇴폐 미스터리 판타지 요소 섞이다 즐거움 스토리 흥미진진 쓰다 버튼 상상 해리포터 동화 아담 패밀리 보통 이렇다 드라마 붙이다 부제 말로 빌어먹을 세상 쓰레기 찌다 드라마 양산 넷플릭스 선사 버튼 단비 버튼 스럽다 좋다 드라마 제나 오르테가 웬즈데이 자다 어울리다 시즌 늘다 나오다 걸리다 해리 포터 느낌 버튼 나이 먹다 감각 계속 유지 가끔 무섭다 시즌 넘다 기대 웬즈데이 꿀잼 연말 자다 어울리다 화목 따뜻하다 웬즈데이 버튼 작품 버튼 독특하다 자다 묻다 나다 버튼 색깔 재밌다 버튼 울적하다 색채 오케스트라 크레셴도 부족하다 트랜디 미워하다 캐릭터 매력 귀엽다 버튼 특허 전공 작품 웬즈데이 주인공 제나 오르테가 배우 찰떡 웬즈데이 스타 일링 연기 매력 버튼 특허 사랑스럽다 기괴하다 미워하다 울적하다 룸메 포옹 배우다 험난하다 여정 오징어 게임 넷플릭스 자랑 히트 판타지 제왕 버튼 당당하다 외치다 죽다 캐릭터 매력 철철 넘치다 제나 오르테가 반하다 버리다 시즌 로맨스 비중 주다 하니 더욱 기대 분위기 조짐 좋다 웬즈데이 좋다 버튼 월드 최고 쫀득 웬즈데이 귀엽다 아담 패밀리 압도 분위기 재다 버튼 기괴하다 맛있다 작품 캐릭터 특색 새롭다 정신 재미있다 갈다 수록 물리다 홀린 듯이 몰다 드라마 주인공 매력 로맨스 빠지다 좋다 해리 포터 만들다 어떻다 끄다 버튼 대답 분위기 연출 좋다 분량 조절 급하다 끝내다 후반 급전 아쉽다 분노 태우다 차갑다 불꽃 유치하다 귀엽다 장물 버튼 써다 독특하다 개성 세계관 차원 괴짜 버전 해리포터 만들다 이란 문제 풀이 작품 제나 오르테가 확실하다 스타 인증 시리즈 버튼 감독 기대하다 초반 연출 스토리 재밌다 후반 전개 실망 스럽다 차갑다 광기 어리다 극한 컨셉 드라마 시즌 줄다 어떻다 감독 따르다 버튼 유성 하이 스토리 버튼 마법 세계 스푼 시즌 가다 기다리다 작품 여주 캐릭터 매력 해리포터 성인 느낌 스토리 얼렁뚱땅 해결 느낌 웬즈데이 니드 매력 거기 버튼 숟가락 여윽시 버튼 거기 캐스팅 찰떡 버튼 감독 연출 에피 감독 연출 에피 리사 로링 시절 귀엽다 웬즈데이 돌아가다 멀끔하다 고메즈 캐릭터 굳이 깨뜨리다 필요 싶다 남자 심장 부수 심장 박아 주마 해주다 친구 웬즈데이 프로포즈 멘트 살짝 설레다 넷플릭스 장르 홈런 유치하다 오글거리다 매력 세계관 조형 뻔하다 작품 즐겁다 갈수록 흥미 떨어지다 막히다 웬즈데이 캐릭터 완주 소녀 학창 생활 소녀 싸다 래야 버튼 감독 스타일 뻔하다 넣다 매끈하다 풀다 재능 멋있다 매력 캐릭터 자다 연출 노래 사용 환상 버튼 버튼 색채 하이 감성 만나다 캐릭터 매력 날아오르다 고스 해리포터 시대 맞다 리메이크 버튼 분위기 적당하다 우울하다 적당하다 잔혹하다 완벽하다 캐스팅 대사 표현 좋다 진짜 재미있다 무난 스토리 넘치다 매력 스타일 웬즈데이 캐릭터 하드캐리 토요일 코미디 코미디 괴물 나오다 심장 졸이다 주인공 웬즈데이 자체 캐릭터 개성 뚜렷하다 컨셉 성격 니드 정이 가다 호감 간다 니드 귀여웡 인간 니드 응원 좋다 후반 급발진 느낌 마무리 아쉽다 보라 빛과 검정색 주다 신비 로움 동시 주다 오싹하다 시즌 가다 기대 쿠로 밉다 웬즈데이 여주 넘다 스타일 먼저 빠지다 빠지다 하이 유치하다 자꾸 아담 패밀리 궁금하다 버튼 스푼 넣다 가다 찌르다 귀엽다 영리하다 시리즈 댄스 장면 자다 추다 캐릭터 매력 좋다 캐릭터 매력 최고 스토리 마무리 아쉽다 빼다 재밌다 키치 기묘하다 버튼 감성 곳곳 녹다 좋다 작품 독보 개성 가지다 캐릭터 나다 고풍 분위기 살리다 미장센 어우러지다 코믹 호러 하이 드라마 오컬트 재밌다 풀다 내다 시리즈 내내 표정 웬즈데이 무표정 가다 모르다 감상 작품 주인공 웬즈데이 답답하다 똘똘하 문제 해결 나가다 모습 작품 감상 지루함 답답하다 주지 크다 역할 버튼 색깔 따르다 깨우다 드라마 재미있다 드라마 버튼 상상력 작품
임영웅│아임 히어로 더 스타디움,마음 진심 는걸 느끼다 감동 받다 좋다 차고 넘치다 좋아지다 좋다 공연 기대하다 응원 이름 산다 엄마 청춘 알아주다 임영웅 좋다 진정하다 히어로 영화 관내 모든 연령 엄마 소녀 만들다 영화 진짜 영웅 히어로 임영웅 로더 스타디움 공연 영화 진심 아티스트 전심 감동 느끼다 해주다 귀가 즐겁다 가슴 울리다 영화 임영웅 최고 영화 임영웅 노력 진심 느껴지다 사랑 마음 진심 마음 느껴지다 영화 감동 받다 임영웅 임영웅 는걸 영화 확인 라이브 실력 상미 멋지다 아티스트 준비 과정 모든 팩트 최고 영상 감동 명품 가수 임영웅 히어로 스타디움 볼때 행복하다 볼때 섬세하다 철저하다 준비 행복 주다 노력 모습 반하다 순간 사랑 몇번 영화 현장 느끼다 무대 뒷이야기 콘서트 놓치다 장면 그날 기억 생생하다 음향 뚫다 나오다 가창력 최고 감동 임영웅 감동 받다 행복 가득하다 안고 돌아오다 임영웅 건행 임영웅 상암 콘서트 스토리 영화로 대단하다 광대하다 스케일 상암 경기장 트랙 뛰어다니다 노래 팬서비스 감동 호흡 안정 열정 폭발 설레다 관객 선물 상암 콘서트 과정 임영웅 노력 의지 자세하다 좋다 음향 화려하다 무대 재현 놓다 좋다 읍니 영화 내내 감동 임영웅 최고 아티스트 는걸 새삼 느끼다 임영웅 대단하다 아티스트 영화 감동 콘서트 싶다 응원 상미 구성 가수 진정 라이브 목소리 히어로 만들다 마력 감동 임영웅 춤선 이쁘다 카리스마 발전 나가다 모습 상암콘 감동 영화로 넘다 감동 임영웅 재미있다 자다 봣습니 짧다 감탄 연속 임영웅 임영웅 히어로 스타디움 영화 무대 올림픽 경기 스케일 대단하다 이끌다 어간 콘서트 불구 라이브 진짜 마지막 인생 되돌아보다 현장 생생하다 감동 재현 목소리 근사하다 임영웅 반하다 가다 임영웅 히어로 스타디움 준비 해오다 상암 콘서트 감동 자체 임영웅 가수 노래 최고 평가 받다 알다 콘서트 신분 추천 임영웅 알차다 품격 영화 영화 좋아하다 노래 좋아하다 호기심 영화 강력 추천 결코 후회 선택 설레다 감동 힐링 콘서트 감동 생각나다 즐겁다 영화 몇번 감동 임영웅 가수 히어로 최고 영화 설레임 감동 다가오다 순간 순간 최고 공연 패러다임 바꾸다 스케일 올림픽 감성 담다 때론 흥겹다 폭발 우중 공연 뭉클하다 오래오래 기억 영화 모든 강추 스타디움 공연 화려하다 멋지다 모습 넘다 감동 임영웅 노래 가슴 남다 임영웅 영웅시대 임영웅 사랑 응원 영웅시대 걸어가다 아티스트 사랑 위로 주다 싶다 느껴지다 임영웅 역대 무대 감동 좋다 최고 영화 임영웅 빛나다 가수 빛나다 내일 응원 사랑 좋다 응원 임영웅 믿다 영화 감동 극장 매력 넘치다 임영웅 듣다 최고 가수 멋지다 임영웅 히어로 스타디움 그날 감동 이보 좋다 최고 영화 임영웅 사랑 임영웅 인지 보여주다 영화 음향 영상 내용 감동 감동 관람 렴니 임영웅 완벽하다 무대 준비 퍼포먼스 뛰어나다 가창력 흠잡다 최고 아티스트 영화 느끼다 내내 감동 영상 멋지다 음향 최고 주인공 천상계 라이브 대박 흔들리다 라이브 어마어마하다 스케일 흥분 감동 대감 공연 다려지다 오감 만족 콘서트 직접 느낌 차별 콘서틀 만들다 아티스트 제작 과정 고뇌 자다 나타나다 더욱 감동 임영웅 영웅시대 사랑 마음 고스 느껴지다 영화 콘서트 기대 손짓 몸가짐 따뜻하다 성품 살아가다 올바르다 느껴지다 노래 최고 멋지다 가수 만난 최고 행운 아임이 임영웅 가수 한계 도전 멋찌 재미있다 로더 스타디움 상암 경기장 영웅시대 임영웅 콘서트 현장 실감 넓다 크다 현장 생생하다 느낌 느끼다 오다 넘다 넘다 좋다 임영웅 빛나다 영화 최고 무대 임영웅 현장 매력 포인트 영화로 매력 넘다 좋다 콘서트 실황 느낌 즐기다 행복하다 달라지다 영화 임영웅 가수 성장 과정 주변 선하다 영향력 나누다 따뜻하다 온기 느껴지다 감동 영화 거기 가창력 최고 가수 상미 최고 현장 감동 주네 슈퍼스타 임영웅 한편 성장 드라마 재밌다 노래 자다 배려 감동 상암 연상 임더 스타디움 감동 아이맥스 영상 사운드 되어다 가다 모르다 끝나다 버리다 임영웅 대단하다 아티스트 영화 행복하다 서울 상암 히어로 스타디움 그날 감동 느끼다 좋다 진정하다 히어로 이심 할머니 소녀 만들다 감성 히어로 임영웅 노래 상미 무대 연출 멋지다 준비 과정 담다 비하인드 스토리 감동 압독적 스크린 웅장 감탄 가창력 독보 좋다 외적인 내용 감동 자체 영화계 새롭다 앞장서다 좋다 응원 콘서트 감동 느끼다 오다 따뜻하다 온기 가득 채운 영화 진행 콘서트 감동 다가 처음 진정하다 사랑 느껴지다 노래 아프다 정도 감동 느껴지다 가슴 뭉클하다 영화 임영웅 감사하다 사랑 가수 임영웅 상암 감동 준비 과정 진심 들이다 알다 말로 담다 영화 생생하다 현장 모습 임영웅 노랫소리 영화 끝나다 여운 남아 좋다 목소리 소름 돋다 어쩜 흔들리다 노랗다 하늘빛 축제 임영웅 응원 사랑 감동 가창력 좋다 비주 좋다 선하다 영향력 멋지다 청년 응원 남자 노래 크다 잘생기다 마음씨 착하다 귀요미 임영웅 가수 임영웅 응원 영웅시대 건행 콘서트 열기 느끼다 웃다 얼굴 찌다 행복 느끼다 힐링 영화 영화 끝나다 아쉽다 싶다 영화 말로 표현 콘서트 올림픽 개막식 임영웅 노래 구성 좋다 상미 최고 감동 콘서트 생생하다 느끼다 멋지다 영화 자다 즐겁다 감동 준비 과정 모든 스텝 고생 보여주다 영화 라이브 대박 잘추다 아티스트 임영웅 멋지다 콘서트 넘다 즐겁다 순삭 생생하다 현장 가득하다 짧다 느껴지다 영화 남편 재밌다 임영웅 히어로 스타디움 감동 물결 임영웅 히어로 스타디움 임영웅 영웅시대 스타디움 입성 기르다 담다 영화 임영웅 마임 히어로 스타디움 좋다 행복하다 임영웅 상암 콘서트 매력 넘치다 모습 위로 감동 주다 목소리 감싸다 인성 임영웅 추하다 최고 최고 아깝다 정성 짜다 자다 만들어지다 임영웅 히어로 스타디움 콘서트 실황 영화 만족 영화 넘다 노래 감동 부분 넘다 많다 모든 추천 임영웅 로더 스타디움 뛰어나다 가창력 노력 준비 과정 진정 감동 영상 음향 차원 스케일 최고 좋다 행복하다 콘서트장 오다 순간 순간 감동 작품 나오다 애쓰다 모든 존경 스럽다 애쓰다 명품 보이스 명품 가수 세계 갈수 가다 응원 사랑 감성 장인 임영웅 꽃길 걸다 스케일 장악 감동 스토리 넘다 좋다 가창력 관람 감동 백배 콘서트 감동 느껐어 영화 행복하다 힐링 오다 아티스트 흡입 강하다 가창력 몰입 영화 임영웅 이름 알다 모든 보여주다 싶다 영화 콘서트 현장 감동 스펙 크다 규모 아티스트 무대 멋지다 퍼포먼스 최고 라이브 적극 추천 임영웅 야심 차다 준비 콘서트 영화로 밀리다 들다 감동 호강 호강 엄청나다 스케일 놀람 임영웅 인성 실력 비주 얼다 빛나다 멋지다 뮤지션 행복 주다 아티스트 임영웅 위대하다 임영웅 계란 실감 영화 솔로 가수 콘서트 정도 임영웅 콘서트 올림픽 폐식 연상 어마어마하다 스케일 서로 배려 묻다 아름답다 느끼다 영화 추하다 준비 콘서트 무한 감동 콘서트장 신나다 감동 아티스트 임영웅 감성 보이스 느끼다 충분하다 영화 영화 영웅시대 충분하다 감동 재미 가지다 젊다 멋지다 감동 영화 싶다 상암 돌아가다 비다 라이브 멋지다 퍼포먼스 올림픽 이나 아티스트 준비 노력 고스 담기다 멋지다 영화 지인 극찬 상암 공연 영화로 두다 정답 행복하다 스트 영웅시대 건행 대다 대박나다 동참 임영웅 아트 스트 상암 스타디움 공연 우주 최강 소장 싶다 건행 상암 콘서트 느끼다 감동 크게 다가오다 뭉클하다 가슴 벅차다 관람 필수 진짜 노래 걸다 다니다 뛰어다니다 진짜 노래 선하다 영향력 최고 현장 장면 넘다 좋다 영웅 가까이 넘다 행복하다 임영웅 생애 임영웅 난건 행운 노래 댄스 장르 아우르다 멋지다 폭발 환자 가다 콘서트 가창력 사랑 모든 노래 보이다 영화로 더욱 피부 오다 닿다 소름끼치다 감동 받다 임영웅 임영웅 최고 영화 어요 임영웅 가수 라이브 목소리 훙내낼수 가창력 따뜻하다 목소리 상암 감동 느꼇습니 모든 연출 수고 모든 제작자 들다 멋지다
조명가게,공포 재미 감동 자다 무려 비빔밥 시즌 나오다 내용 전개 관련 독립 인물 사건 나오다 마지막 볼때 의문 가득하다 야하다 설명 호러 쓸다 휴먼 드라마 방심하다 수도꼭지 틀다 연출 기대 자다 나오다 좋다 무섭다 독립 사건 스토리 진행 따르다 유기 이벤트 묶다 강풀 작품 특징 묶다 주다 궁금하다 서로 야하다 무섭다 재밌다 선임 두번째 주행 복선 찾다 재밌다 최고 웹툰 재밌다 대중 어느덧다 울다 모습 발견 처음 끄다 마지막 눈물 흘리다 드라마 믿다 강풀 최고 무섭다 슬프다 사랑 울다 기묘하다 따뜻하다 무섭다 슬프다 진짜 자다 표현 해주다 괜찮다 러닝 타임 몰입 무섭다 알다 무서움 슬프다 알다 슬픔 어둠 은은하다 따스하다 퍼지다 삼류 공포영화 어둡다 연기 어색하다 스토리 연출 성하다 재밌다 드라마 웹툰 찾아보다 어떻다 영상 대중 전개 느리다 답답하다 지나다 서사 풀림 조명 가게 인생 드라마 공중파 무빙 나오다 좋다 펑펑 울다 조명 간직 건강하다 빌드업 드라마 마냥 무섭다 드라마 알다 의미 행동 들이다 세상 사랑 이기다 들다 완벽하다 수도꼭지 열리다 명작 연출 연기 스토리 완벽하다 강풀 람사 사연 많다 서사 내다 브로 채우다 스토리 호불호 갈리다 취저였다 계속 만들다 소비 아쉬움 웹툰 싱크로 높다 순삭 남다 차도 기대 기대하다 무섭다 하차 무서움 계속 슬프다 일어나다 초반 산만하다 느끼다 가면 무섭다 태구 배우 표현 어떻다 대중 짤막하다 예고편 짧다 많다 혼잣말 많다 친절하다 정도 많다 좋다 예고편 포스터 기대 웹툰 재밌다 기대 김희원 감독 더욱 기대 최고 드라마 마지막 달려오다 건가 싶다 세상 아름답다 만남 이자 이별 기대 아쉽다 독보 스토리 영상 배우 출신 감독 연출 색안경 벗다 보라 객관 잘만 오싹 괴기 감동 스릴러 마지막 새벽 보지 말다 팅팅 부어 초반 미스터리 분위기 알쏭달쏭하다 주가 후반 부로 갈수록 이해 마지막 눈물샘 개방 드라마 스토리텔링 끝판 의심 여지 전혀 전혀 강풀 천쟈 김희원 감독 이렇다 후미지다 냄새 만화방 덜하다 만화책 야하다 드라마 영화로 만들다 내용 뻔하다 뻔하다 저승 강풀 유니버스 기대하다 만들다 작품 기다 빌드업 드러나다 여러 가지 사연 인하다 집중 흐름 깨지다 경우 이해 반복 장면 지루하다 점수 드라마 장르 드라마 정도 만족 강풀 유니버스 좋다 죽음 새롭다 아련하다 섬뜩하다 명가 재밌다 배우 연기 찌다 재미있다 작가 강풀 가지다 정서 신파 김희원 감독 정돈 희다 지나치다 선량하다 주인공 인물 동성 떨어뜨리다 죽음 해보다 세상 시작
중증외상센터,시작 항문 밤톨 조폭 마력 딸리다 진짜 클리셰 보이다 오글거리다 의리 넘다 싸다 였슴 알다 무섭다 늘어지다 부분 깔끔하다 전개 전개 군더더기 빠르다 전개 에피소드 순삭 윤경 배우 귀엽다 재밌다 내생 힘드다 메다 물다 인위 오글거리다 화보 포기 메다 시즌 드라마 탄생 주지훈 배우 다작 터지다 추영 울다 옥씨 부다 중증 외상 센터 연속 대박 도장 윤경 윤블 넷플릭스 최고 따다 누르다 중증 외상 센터 온라인 스크리닝 리뷰 메다 히어로 물의 근본 드라마 이유 한가하다 드라마 재미있다 질문 나오다 뻔하다 내용 뻔하다 캐릭터 환상 주기 사이다 전개 판타지 현실 좋다 전성기 주지훈 신성 초신성 돼다 버리다 추영 하드캐리 윤경 호의 연기 최고 의료 현장 높다 디테일 비현실적 판타지 섞이다 전체 자다 만들다 신파 갈다 부분 메세지 코미디 인상 스토리 캐릭터 재미 잡다 매력 덩어리 드라마 웹툰 재밌다 드라마 소식 들다 행복하다 대감 실망 돌아오다 좋다 유치하다 과장 공중파 옛날 드라마 순간 차고 넘치다 갈등 얕다 금방 해결 주인공 먼치킨 고구마 먹다 시대 먹히다 목숨 가치 올해 가독성 높다 드라마 몰입 끝내주다 모든 배역 인생 설연휴 최고 띵작 사부 유시진 대위 짬뽕 느낌 짧다 굵다 좋다 이렇다 리더 필요하다 기다 부가 강우 공통점 라면 분야 거치다 의사 기다 부가 냉소 라면 강우 다혈질 사부 심화 과정 강우 기본 부분 충실하다 단순하다 먼치킨 물이 열등감 자괴 시달리다 최고 외과 전문의 강혁 롤모델 삼다 걷기 노력 주변 인물 스토리 연기 좋다 지루하다 부분 좋다 당첨 되어다 재미있다 스크린 리뷰 중증 외상 센터 온라인 스크리닝 리뷰 웹툰 느낌 자다 살리다 중증 외상 센터 온라인 스크리닝 리뷰 코미디 첨가 스릴 넘치다 메다 활약 오징어 게임 기대 백강현 닥치다 오다 언니 궁금하다 진심 재밌다 만화 캐릭터 배우 매력 자다 설득 오글거리다 상황 현란하다 연출 포장 성공 답답하다 현실 정도 판타지 괜찮다 드라마 간접 경험 시원하다 재미있다 추영 배우 배우 들다 재밌다 주지훈 배우 배우 연기 자다 훌륭하다 스토리 전개 가로막다 억지 오버 연기 대한민국 모든 의사 선생님 감사하다 글로리 하루 시리즈 부작 이기 시즌 만들다 작다 괜찮다 스피디 담백하다 재밌다 전개 좋다 질질 끄다 스토리 깔끔하다 주인공 설정 내취 예상 스토리 전개 원작 요소 해치 불필요하다 길다 러닝 타임 자다 끝내다 작품 주지훈 추영 정재 존멋 내용 뻔하다 스토리 재미있다 뻔하다 낭만 드라마 시원하다 현실 다르다 수도 현장 사명 의료 화이팅 이정 연기 이정 스토리 전개 시대 이정 내주다 감사하다 가격 비싸다 쓰레기 천국 의사 쓸다 웹소설 기반 웹툰 제작 드라마 의료행위 자체 현실 답답하다 사회 문제 지적 주제 다가오다 과정 교수 대리 만족하다 드라마 아줌마 한국 코미디 좋아하다 추천 질질 끄다 빌드업 주다 버리다 시종일관 특급 사이다 메다 블록버스터 대학병원 아이언맨 캐릭터 매력 드라마 빠르다 전개 몰입 감다 무시 수가 캐릭터 매력 클리셰 스푼 담기다 의학 드라마 재밌다 고증 둘째 빠르다 전개 몰입도 쉬다 완주 처음 시원하다 자다 만듬 클리셰 팔리다 클리셰 보이다 살리다 애쓰다 보내다 스펙 시대 바라다 의사 주지훈 추영 찰떡 캐스팅 재밌다 선하다 대의 자가 똑똑하다 강성 경제 자유도 좋다 사이다 향연 사이다 연기 구멍 로맨스 늘어지다 웹툰 느낌 적절하다 살리다 만들다 메이드 코미디 드라마 재밌다 초반 유치하다 부분 나다 확고하다 포커싱 탁월하다 완급 조절 부족하다 부분 순수 재미 접근성 꾸다 뒤끝 매듭 무난 도달 이국 교수 드림 일기 명작 가다 모르다 깔끔하다 전개 군더더기 진행 좋다 살짝 유치하다 면도 감성 병원 러브 스토리 높다 점수 주다 늘어지다 전개 빨르다 재밌다 나름 재미 간호사 늘어지다 전개 이끌다 가다 인물 개성 담다 완벽하다 삼박자 간만 재밌다 드라마 발견 메다 드라마 코믹 진지 넘다 들다 대형 스케일 감다 재밌다 추영 배우 처음 연기 의료 현실 깊다 부담 진행 전반 유머 연출 기분 좋다 적당하다 유머 리얼리티 휴머니즘 삼박자 맞다 떨어지다 판타지 메다 드라마 최근 볼거리 넷플릭스 호흡기 작품 간만 스킵 드라마 생명 최전선 오늘 달리 의료 깊다 감사 인사 양재원 선생 환자 심장 뛰다 계속 뛰다 능력 저돌 직진 짜릿하다 군더더기 깔끔하다 빠르다 드라마 재밌다 만화 연출 대사 유치하다 빠르다 전개 배우 연기 오글거리다 커버 추천 현실 유니콘 시원하다 주저 달리다 유니콘 속이다 시원하다 상상 대리 만족 해보다 현실 만족감 주다 지치다 모르다 오버 향연 웃다 작품 물음표 웹툰 가져오다 만들다 배우 코믹 연기 성하다 연출 억지스럽다 느껴지다 차갑다 지나다 나아지다 연출 극본 연기 삼박자 원스 달려가다 닥터 헬기 만난 골든타임 개인 히어로 극복 시스템 재밌다 진행 빠르다 드라마 드라마 명감 가지다 의사 의사 존재 현실 안타깝다 만난 깔끔하다 완성 높다 작품 전체 자다 만들다 재미 개인 초반 가다 살짝 어색하다 무겁다 밸런스 자다 맞다 드라마 최근 작품 제일 재밌다 주지훈 추영 배우 강혁 양재원 장미 삼키다 죽음 흐르다 슬프다 린다 재밌다 자다 늘어지다 흘러가다 전개 배우 연기력 정주 작품 스크리닝 통해 먼저 좋다 온라인 스크리닝 리뷰 살짝 늗었 올리다 주지훈 강혁 넘다 재밌다 중증 외상 센터 온라인 스크리닝 리뷰 중증 외상 센터 온라인 팬스크리닝 당첨 후기 시작 끊다 화가 감동 이예 보렵니 전개 시원시원하다 좋다 주지훈 강혁 싱크로 백프로 깔다 캐릭터 찰떡 소화 키노 라인 스크리닝 이벤트 당첨 관람 웹툰 보지 전개 매끄럽다 좋다 추정 주지훈 케미 기대하다 재미있다 스크리닝 리뷰 중증 외상 센터 관람 후기 중증 외상 센터 강혁 활약 빠르다 긴박 가다 펼쳐지다 넷플릭스 시리즈 중증 외상 센터 온라인 스크리닝 리뷰 중증 외상 센터 리뷰 팬스크리닝 중증 외상 센터 온라인 스크리닝 리뷰 찌다 의학 드라마 정석 중증 외상 센터 중증 외상 센터 스크리닝 후기 주지훈 연기 초반 무겁다 분위기 자다 유쾌하다 들다 재밌다 스크리닝 리뷰 중증 외상 센터 스크리닝 후기 중증 외상 센터 짧다 온라인 스크리닝 후기 온라인 스크리닝 리뷰 전개 시원시원하다 연휴 몰다 좋다 드라마 나오다 중증 외상 센터 온라인 스크리닝 후기 도파민 터지다 익사 의료 타파 온라인 스크리닝 시청 의학 드라마 수준 상당하다 높아지다 넘다 무겁다 코믹 요소 첨가 흥미 더하다 캐릭터 매력 표현 중증 외상 센터 온라인 스크리닝 리뷰 현재 필요하다 의사
청설,상이 라면 잠기다 들어가다 손끝 읽다 말랑말랑하다 깨끗하다 청순하다 홍경 노윤서 만들다 내다 재미있다 청춘 영화 대도시 사랑 겪다 보지 라면 청설 느끼다 원작 청량하다 한국 자다 리메이크 여름 가을 먼저 계절 가을 지키다 계절 인생 오다 누리다 바라다 간만 만족스럽다 각색 청량 청춘 로맨스 영화 진짜 재밌다 잔잔하다 감동 주다 영화 노윤서 이쁘다 싱그럽다 여름 따뜻하다 기르다 풋풋하다 극장 느끼다 청춘 로맨스 맛집 내용 자체 뻔하다 잔잔하다 감동 영화 주다 메세지 전달 되어다 최고 맑다 싱그럽다 영화 화일 뻔하다 내용 배우 연기 진심 느껴지다 상영 내내 전혀 지루하다 싶다 들다 볼매 청설 청설 여름 만난 인생 제일 자다 영화 배경 배우 연기 로맨스 가족 애도 느껴지다 잔잔하다 감동 남다 영화 한국 대성공 소리 따스하다 햇살 이루어지다 하늘 끼다 몇몇 먹구름 먹구름 날씨 전체 분위기 망치 아롱다롱하다 감정 손끝 선명하다 순간 서로 듣다 청아하다 마음 세상 수평 언어 원작 둥글다 다듬다 사랑스럽다 칠하다 잔잔하다 영화 마음속 쓰나미 일으키다 영화 추억 빠져들다 하루 물속 들어가다 수면 바라보다 소녀 덩달아 뒤따르다 들어가다 소년 그로 인하다 변하다 물결 파장 소리 대사 가득 따뜻하다 청춘 배우 보여주다 청춘 무덥다 여름 싱그럽다 여름 세상 수영장 청춘 남녀 소리 수어 통해 보여주다 소리 나르다 미소 짓다 손끝 피어 모든 감정 읽다 느끼다 마음 표현 모습 웃음 나다 영화 싱그럽다 가득하다 내내 기분 좋다 좋다 따뜻하다 수어 로맨틱 느껴지다 기도 배우 싱그럽다 미소 절로 나오다 한국 정서 맞다 모로 마음 뭉클하다 따다 청춘 대명사 영화 번만 영화 입가 미소 지다 잔잔하다 싱그럽다 영화 노윤서 홍경 배우 호흡 좋다 적당하다 로맨스 실존 주의 질문 자다 울다 영화 노윤서 민주 이쁘다 간만 예쁘다 풋풋하다 설레다 가득하다 따뜻하다 사랑스럽다 청춘 자체 영화 만날 행복하다 가족 헌신 여인 청량하다 따스하다 성장 드라마 귀엽다 목소리 나오다 대화 온전 느껴지다 감정 포인트 연애 싶다 만들다 드라마 공기 울리다 들리다 보이다 아름답다 청설 제목 맞다 귀엽다 파릇파릇하다 중간 중간 코믹 장면 대사 뻔하다 로맨스 스토리 루즈 느껴지다 기도 귀엽다 살짝 드하 가을 만나다 여름 싱그럽다 삭막하다 현실 인류 상승 싶다 추천 여름 자체 영화 끝나다 아쉽다 일상 아들 싶다 순하다 착하다 영화 시각장애인 만들다 들리다 전해지다 사랑 소리 대하 많다 사운드 들어가다 몰입 좋다 순수하다 연기 자다 해주다 영화 의도 맞다 자다 순수하다 느끼다 시리다 싱그럽다 아릿하다 투명하다 여름
트리거,기대 김혜수 스타일 년대 초반 유치 메다 드라마 디즈니 플러스 갈고 만들다 역대 드라마 키노 당첨 시사회 리뷰 트리 시작 좋다 부디 용두 밉다 자다 뽑히다 여주 상또 라이 느껴지다 연기 범죄 스릴러 호흡 놓치다 긴박하다 스토리 이어지다 코미디 부분 욕심 내다 경찰 정부 나서다 힘드다 탐사보도 무한 여전하다 대다 김혜수 색다르다 연기 정성일 명량 발랄 주종 명의 케미 돋보이다 드라마 진지 코믹 적절하다 조화 믿다 배우 사적 스토리 코믹 스릴러 넘다 들다 연출 화로 시작 자다 끊다 마무리 기대 몰입 크다 화면 추천 보고오다 시작 강렬하다 한편 영화 긴장감 코메디 적절하다 가다 모르다 화가 기대 재밌다 간만 나오다 들다 시작 단계 계속 재밌다 좋다 트리 시사회 관람 후기 재밌다 야하다 작품 트리 슈퍼스타 혜수 하드캐리 대한민국 클리셰 덩어리 어렵다 부조리 서사 극복 응원 캐릭터 무조건 힘내다 활짝 열다 트리 시사회 오다 전개도 빠르다 액션 시원시원하다 시즌 제로 가기 좋다 소재 드네용 트리 시사회 후기 리뷰 어제 시사 오다 재밌다 김혜수 정성일 주종 배우 포함 배우 연기 좋다 연출 각색 신선하다 디즈니 플러스 올해 신작 기대 키노 이벤트 미리 시사회 오다 김혜수 연기 정성일 평소 배역 달라 새롭다 스토리 기대 가볍다 몰입 재미 잡다 작품 배우 연기 돋보이다 기대 기레기 판치다 세상 기자 명불허전 김혜수 시기 필요하다 언론 기능 가짜 뉴스 타파 정의 사이다 보도 미리 나머지 에피소드 넘다 기대 김혜수 소룡 멋지다 통쾌하다 웃기 드라마 믿다 김혜수 시사회 오다 얼른 싶다 키노 트리 시사회 다녀오다 김혜수 제일 정성일 배우 캐릭터 좋다 잔잔하다 웃기 연기 구멍 좋다 추후 차도 기대 무겁다 주제 가볍다 통쾌하다 풀다 내다 드라마 화만 기대 진지하다 진지하다 웃기다 웃기다 드라마 극장 런가 몰입도 좋다 기대하다 적절하다 코미디 사회 울리다 트리 웃기 진지하다 전개도 흥미롭다 당첨 짧다 후기 트리 탐사보도 나쁘다 응징 고발 죄충 환상 보여주다 통쾌하다 사건 해결 방식 감동 웃음 줍다 재미있다 트리 당기다 현실 픽션 적절하다 섞다 작품 무겁다 주제 무겁다 풀다 내다 키노 이벤트 당첨 방금 용산 시사회 오다 유쾌하다 스토리 재미있다 구독 야하다 시사회 리뷰 김혜수 배우 코믹 무조건 사회 야기 풀다 과정 흥미롭다 미스 치가 배역 조합 가끔 몰입 떨어지다 스토리 김혜수 정성일 연기 조합 여전하다 옳다 넘어가다 재미 하차 최근 들다 드라마 김혜수 배우 맡다 배역 전체 느낌 들다 정의 거치다 권선 악의 리더 작품 사건 풀다 과정 나름 재밌다 재믺어용 수요일 기다리다 추추 추천 기자 슬프다 사건 현실 이란 슬프다 뻔하다 로딩 무척 기다리다 이유 재미 뻔하다 빠르다 호흡 재미 나오다 트리 리뷰 시사회 오다 재밌다 자다 정성일 배우 색다르다 매력 보여주다 흥미롭다 부담 즐기다 좋다 상당하다 수작 디즈니 구독 글쎄 가볍다 코메디 무겁다 범죄 자다 녹다 섞이다 잔혹하다 자극 부분 현실 재밌다 루즈 부분 빠르다 전개 되어다 빠르다 속도 원하다 좋다 에피 크다 메인 사건 나오다 전개도 궁금하다 적절하다 시국 묵직하다 통쾌하다 날리다 시리즈 무겁다 경쾌하다 풀다 내다 수작 명불허전 김혜수 김혜수 최고 김혜수 작품 연기력 한층 향상 되어다 눈길 끌다 작품 통해 다양하다 멋지다 풀다 예쁘다 김혜수 연기 완벽하다 시사회 관람 기대 자극 진부하다 소재 요새 트랜드 별로 연기 흠잡다 한계 김혜수 새롭다 얼굴 거치다 당기다 방아쇠 혜수 멋있다 좋다 당첨 되어다 드라마 먼저 화가 기대다 어떻다 마무리 궁금하다 드라마 드라마 주다 시원하다 사이다 한잔 시사 통해 미리 시청 오다 재미있다 가다 모르다 다려지다 뒷이야기 궁금하다 드라마 만나다 시사회 앞회차 오다 시작 용이 꼬리 용일 혜수 공개 스토리 기대
파묘,감독 오컬트 부작 오락 제일 만족도 높다 개인 흥미롭다 주제 초반 몰입 좋다 후반 부의 늘어지다 험하다 공포 약하다 아쉽다 관람 디테일 발견 신나다 들다 알다 기대 한일전 무조건 이기다 진짜 배우 신들리다 연기 감동 받다 찌다 리지 오컬트 민속학 시작 역사 민족 거슬러 올라가다 재현 감독 담대하다 야망 포부 영화 괴수 비디오게임 에피소드 오다 몰입도 믿다 배우 연기 겠다 캐릭터 별루 내용 벌루 영화 직관 소재 컨셉 좋다 중반 실망 감추다 종교 우주 무속 풍수 뚜렷하다 실체 이유 모르다 믿음 갖다 생명력 유지 오컬트 매력 상실 실체 등장 아쉽다 한국 가능하다 반전 스토리 실체 보이다 차다 좋다 엄청나다 오컬트 세계관 스토리 연기 소름 파헤치다 지도 치도 가다 딸리다 나오다 대하 오컬트 성하다 덮다 두다 항일 영화 아쉽다 시나리오 훈수 넘겨보다 비겁하다 연출 오컬트 놓다 주다 감독 뚝심 영화 이렇다 다양하다 영화 원하다 짜임새 좋다 연출 효과 연기 아쉽다 상업 오락 영화 진수 강력 추천 공교롭 삼일절 상영 켜지다 독립 만세 외치다 개인 마지막 몰입 영상 묘사 표현 음향 배우 들다 연기 취재 경험 상상 만난 촘촘 서사 뜻밖 한일전 카타르 시스 전반 곡성 후반 고스트 버스터 파내다 파내다 장르 척추 끊다 버리다 영화 전체 가득 누리다 김진명 황태자비 납치사건 조정래 아리랑 무리다 한국 만들다 오컬트 젖다 나무 활활 타오르다 쇳덩이 야망 느껴지다 재현 감독 야망 증명 돼다 오컬트 영화 기준 오다 김고은 배우 연기 감탄 장면 소름 돋다 눈물 차오르다 연기 감동 받다 몰입 최고 이장 단순 파묘 일제 만행 파내다 버리다 변형 괴수 오컬트 비빔밥 오컬트 적다 스릴러 액션 코믹 재미 스토리 짜임새 발란스 차다 자다 버무러진 영화 싶다 놓치다 오싹하다 참고 오컬트 작품 수작 무속인 신선하다 소재 긴장감 넘치다 전개 전반 풍수 장묘 무속 토속 오컬트 소재 배합 나가다 장점 묻다 버리다 후반 도깨비 일본 쇠말뚝 귀신 슬래셔 괴수 노선 변경 마무리 영화 관객 처음 나오다 파묘 오해 받다 영화 응원 영화 비판 배우 연기 좋다 무섭다 어떻다 버티다 모르다 정도 심장 쿵쾅 쿵쾅 연기 맛집 순식간 지나 버리다 출발 도착 미미하다 김고은 혼도 뺏다 직관 오컬트 한국 장묘 문화 미신 자다 섞다 맛깔나다 퇴마 탄생 시킴 상당하다 직관 퇴마 물이 곡성 이나 바하 오락 느낌 강하다 재밌다 시리즈 만들다 한국 오컬트 오컬트 새롭다 역사 쓸다 한국 담다 오컬트 영화 재미있다 깊이 살펴보다 크다 메시지 나누다 게으르다 셔널 리즘 나다 작품 평가 싶다 이도현 자꾸 시더 영화 무섭다 배우 연기력 오컬트 의미 인상 깊다 한국 무당 치성 드리다 산타 체력 기르다 다니다 수도 처음 해보다 김고은 굿판 오컬트 물이 괴수 괴수 상대 설명 해주다 규칙 거품 끼리 알다 법칙 얼렁뚱땅 해결 버리다 시점 굉장하다 탄탄하다 이탁 풀리다 순간 무기 장르 사이 이기 젖다 나무 질기 갈수록 고개
하얼빈,안중근 의사 배우 이름 믿다 만들다 영화 영화 제일 아깝다 작품 역사 스포 라지 상업 영화 재미 감동 찍다 다큐 무료 방영 하품 참다 영화 어떻다 오다 주제 묵직하다 담다 내다 마음 가짐 감히 재미 원하다 스크린 덮다 비장하다 끓다 열망 차갑다 안중근 독립운동 들다 시국 맞닿다 더욱 몰입 되어다 배우 연기 영상 미가 뛰어나다 극장 영웅 영화 건지다 대본 리딩 현장 건지다 캐릭터 부들 거림 웅장 노력 음악 정도 채우다 지기 어렵다 애국심 남한 산성 원하다 야하다 영화 나다 계속 영화 하얼빈 솔직하다 지루하다 세번 졸다 현빈 안중근 역활 어울리다 전투 신도 적다 화면 어둡다 보이다 안중근 주인공 동지 주인공 현재 나라 상황 자다 어울리다 맞추다 나오다 대작 기다리다 배우다 연기 얼굴 보이지 대사 로만 감정 전달 감동 극적 묘사 영화로 공부 영화 영화 시사회 무대 인사 먼저 오다 영웅 영화관 작품 자다 하얼빈 극장 차이 화질 모든 자다 만들다 연기 대박 영화 시국 재미 매국노 기분 대한민국 만세 감동 당연하다 거룩하다 느낌 오금 지루하다 가슴속 끓다 묵직하다 울림 암살 밀정 만주 에스 피오 나다 장르 당당하다 잇다 수작 영화 하얼빈 안중근 윤석열 독립군 친일파 국민 윤석열 인생 최고 잘생기다 인간 안중근 만나다 영화 전체 잔잔하다 울림 새롭다 시선 하얼빈 역사 되새기다 배우 매력 차갑다 담담하다 누르다 오다 터지다 나오다 순간 고뇌 고심 점철 고결하다 방아쇠 알다 화면 장면 영상 미가 좋다 영웅 어둡다 차갑다 부분 들여다보다 가슴 뜨겁다 영화 시국 맞다 영화 초반 전투씬 잔인하다 잔인하다 개인 현빈 안중근 어울리다 영화 분위기 상미 장엄하다 가다 매력 역사 담담하다 담다 무미건조하다 아쉽다 독립운동가 고뇌 좌절 독립운동 열망 고통 보이지 싸움 진짜 존경 불협화음 완벽하다 화음 자아내다 서글프다 차갑다 스크린 의사 고뇌 고민 무겁다 담다 아쉽다 스토리 당혹스럽다 암살 시퀀스 제외 괜찮다 수준 하얼빈 자욱하다 담배 연기 써다 내려가다 참회록 역사 스포 영화 깊이 연출 배우 훌륭하다 연기 돋보이다 허구 인물 더하다 상상력 발휘 과장 감동 전달 시국 필요하다 영화 첩보 느와르 입다 정적 차갑다 허다 가슴 뜨겁다 안중근 영화 탄생 알다 몰입 최고 영상 미도 배경음악 웅장 배우 연기 와우 시사회 감상 오다 의리 사이 펼쳐지다 대의 엄중하다 서사 가다 의적 뜨겁다 믿다 배우 영화 하얼빈 재미있다 오다 이유 되돌아보다 감사하다 고맙다 독립 만세 영화 목적 분명하다 하얼빈 자꾸만 새다 가슴 먹다 먹다 해지 겨울 영화 역사 알다 결말 중간 속이다 답답하다 선조 독립 싸우다 오다 느끼다 재밌다 영화 울다 배우 덕분 집중 영화 영화관 영화 관객 비쥬 연기 연출 압도 해주다 작품 모든 훌륭하다 완벽하다 충분 좋다 차갑다 진하다 가득 채우다 그리다 내다 하얼빈 광화문 초대장 역사 뜨겁다 서사 뜨다 감동 감동 관람 예정 안중근 인물 잊혀지다 기억 이유 차갑다 파란 불꽃 영화
핫스팟: 우주인 출몰 주의!,인물 뻔하다 재미있다 잔잔하다 재밌다 한드 넷플릭스 은근 때리다 감성 코미디 웃다 기분 좋다 일드 예전 우에노 주리 나오다 거북이 달리 느낌
히든 페이스,항상 선하다 진실되다 배우다 바람둥이 남자 질투 사랑 확인 여자 금방 사랑 빠지다 소유 강하다 여자 만들다 조화 쫀득 하모니 원래 마음 가지 장난 치면 천벌 받다 들다 무덤 파다 재밌다 끼리 열다 무덤 파고 깨닫다 현실 마주 꿀잼 초반 지루하다 위기 여배우 외모 노출 영악 모면 네이버 줄거리 자체 스포 스킵 재미 보장 한국 리메이크 비교 재미 알다 남자 범인 런가 이기다 포기 넷플릭스 영화 확실하다 국내 리메이크 정도 공통점 히든 페이스 드러나다 얼굴 얼굴 숨기 끼리끼리 명도 착하다 남자 시험 좋다 들어가다 파비아 나르다 가두다 나오다 처음 돼다 깔끔하다 드러내다 한국 자잘하다 기교 묵직하다 비밀 하나로 이끌다 간다 흥미롭다 설정 마지막 끝내 완벽하다 한국 리메이크 해내다 흥미 가다 소재 설정 무난 전개 영화 비다 부족하다 느낌 들다 곁가지 덜다 집중 캐릭터 성과 서사 사라지다 밋밋하다 느낌 들다 사이 두다 여자 심리 밀실 콘셉트 밀다 붙이다 섹슈얼 치정 초반 노출 신다 영화 수긍 되어다 질투 죽음 부르다 지독하다 들다 사랑 계시다 부르다 나무 클라라 독특하다 전개 덕분 스릴러 사랑 가지다 알량하다 면모 영화 흐름 따르다 인물 인상 달라 보이다 마법 나름 신선하다 소재 서비스 싸하다 장치 반전 통해 영화 몰입 이끌다 성공하다 긴장감 반전 스릴 영화
히트맨2,안되다 설정 빼다 영화 히트 많다 액션 뻔하다 웃기다 이이경 정준호 케미 좋다 좋다 싫다 전형 팝콘 무비 웹툰 애니메이션 실사 영화 접목 신선하다 억지스럽다 뇌절 구멍 숭숭 외로 재미있다 애니메이션 명품 중반 명절 특선 영화 정도 히트 작화 배우 특별 출연 유쾌하다 무대 인사 시사회 현장 후기 우린 쓰레기 만오천원 내다 암살 요원 애니메이션 만화 재밌다 도대체 이렇다 영화 어떻다 만들다 코믹 스럽다 과장 억지스럽다 장면 대사 연기 저절로 실소 유발 거리 면서 히트 오다 전작 신선하다 느낌 덜하다 킬러 액션 여전하다 멋있다 웃음 포인트 많다 가볍다 좋다 처음 쓰레기 아쉽다 보가 아쉽다 느낌 병맛 유치뽕 이상하다 재미 영화 감성 웹툰 조미료 넣다 만들다 영화 빼다 영화 별로 마냥 즐겁다 잇다 코믹 액션영화 점도 아깝다 불쌍하다 연출 연기 그닥임 재미 찾다 계속 재밌다 적당하다 쏠다 나오다 원망 스럽다 웹툰 흥미 생기다 어디가 재미있다 건지다 한참 유치하다 뻔하다 컨셉 확실하다 나름 짜임새 스토리 애니메이션 자연스럽다 전환 전혀 아깝다 규모 키우다 추가 유치하다 더하다 휴식 주다 화면 멍하니 바라보다 자다 간다 노잼 오다 유치하다 꼬리 미동 도안 한국영 화의 미래 기대 해주다 가져오다 어떡하다 전개 뻔하다 크게 나쁘다 새해 오픈 마음 재밌다 싸우다 개그 배틀 아예 뇌절 버리다 놓다 기어 상영 화장실 만들다 니놈 트림 웃다 전멸 유머 자연스럽다 액션 실감 나다 재미있다 영화 재미없다 이해 안되다 정도 코미디 영화 재밌다 재밌다 후반 불다 웃음 나오다 배우 연기 매력 무난 웃기 아쉽다 사운드 처리 조화 자연스럽다 부족하다 느낌 전작 애니메이션 부분 좋다 분량 늘리다 좋다 대폭 늘어나다 좋다 핵심 병맛 개그 줄이다 버리다 메다 부분 적어지다 아쉽다 유치하다 권상우 캐릭터 들다 시리즈 나오다 바라다 솔직하다 코미디 영화로 나쁘다 극장 문제 대사 소리 들다 질끈 감다 만들다 유치하다 지다 꼴리다 만화 편의 후광 받다 알다 뜯다 역광 명절 끼리 가족 웃다 시작 영화 터지다 터지다 크게 웃다 마음 충족 괴롭히다 영화 재밌다 가족영화 좋다 속편 징크스 이기다 패러디 강화 영화계 필요하다 영화 어리다 필요 단어 가볍다 느끼다 찌다 들다 필요 되어다 국영 화의 부흥 필요하다 맘껏 웃다 즐기다 영화 정직하다 감상 남기다 평가 근래 영화 환불 받다 싶다 영화 이지원 사이 크다 처음 감성 비우다 킬링타임 가세 영화 어제 검다 수녀 모르다 짜다 영화 참다 쓸데없다 장면 많다 인물 많다 개그 많다 남다 젊은것 따라가다 다리 찢어지다 연출 진짜 재밌다 진심 재밌다 진짜 고소하다 싶다 유머 코드 여자 밝히다 고함 지르다 마지막 억지 감동 엔딩 처음 일관 일관 방구 권상우 코믹 주다 브랜드 히트 이어지다 오버 정감 가다 방패연 암살 요원 히트 메다 돌아오다 기다리다 재밌다 전편 유쾌하다 급감 성은 사라지다 정도 구시대 코미디 영화 익숙하다 권상우 준수 액션 가볍다 좋다 코미디 영화 띵작 작품 후속 자다 힘드다 이건 만들다 걸다 편하다 좋다 영화 재밌다 웃기다 이렇다 코드 취향 샤워 어쨌든 영웅 이기만 망상 상한 재미없다 참고 웃다 재밌다 한국 영화 기대 초반 이준혁 배우 정답 발설 심하다 당황 스럽다 영화로 추천 웃기다 권상우 황우슬혜 나오다 코미디 웃기다 새해 불효 불안감 극장 나오다 수요 웃음 대결 피로 잔뜩 황우슬혜 배우 매력 터지다 애니메이션 부분 조화 빌런 단순하다 묘사 아쉽다 편하다 코미디 영화 무릎 꿇다 이유 영화 산재 되어다 소재 고갈 돼다 불구 꼴리다 만들다 전작 감성 흉내내 조폭 코미디 영화 느낌 나다 명절 연휴 가족 끼리 영화관 방문 특수 노리다 영화 욕설 살짝 불편하다 감다 권상우 만들다 싶다 만들다 전보 심심 풀이 좋다 영화 진짜 울다 아깝다 돌다 버리다 송혜교 얼굴 검다 수녀 볼껄 개똥 가볍다 좋다 가족 좋다 가족영화 중간 중간 개그씬 웃기 좋다 수준 좋다 나다 팝콘 무비 빼다 엔딩 좋다 유머 유치하다 지고 액션 잔인하다 속편 나쁘다 사례 뇌절 재미있다 느끼다 된거 도랏맨 노잼 명분 실리 후속작 손절 뻔하다 재밌다 액션 자다 나오다 속편 내용 짜임새 나쁘다 개그 감성 편하다 나쁘다 이정 영화 비평 영화 의문 코미디 웃기 아이러니 답습 괜찮다 컨셉 히트 치다 대사 작가 하자 이나 년뒤 웃기다 여전하다 작위 개그 상황 불편하다 느껴지다 흥행 어렵다 절의 직접 믿다 세운 필살기 무식하다 오글거리다
히트맨,가볍다 초적 한국영 스토리 전개 평범하다 중간 중간 웃음 포인트 킬포 포스 가득하다 국정 요원 웃기다 건지다 조잡하다 코미디 영화 넷플릭스 감독 만들다 감성 재밌다 나오다 대서 코미디 액션 느낌 액션 힘주다 느껴지다 킬링타임 추천 전직 암살 요원 무겁다 가볍다 쓰다 만들다 허다 무게 견디다 수만 액션 코미디 장르 가지 괜찮다 승부 내다 권상우 발음 걱정 영화 포스터 통해 느껴지다 영화 모습 그리다 흥미롭다 느껴지다 이유 여러가지 대게 어떻다 영화 패러디 나오다 포스터 영화 좋다 웃음 필요하다 영화 히트 가다 개봉 찾아보다 되어다 킬링타임 권상우 코믹 어울리다 코믹 영화로 재밌다 유치하다 가볍다 좋다 개봉 영화관 넷플릭스 개봉 번은 넘다 질린다 영화 코미디 스럽다 액션 영화 코미디 액션 곁들이다 킬링타임 영화 명절 상품 웃다 만들다 영화 빼다 즐기다 킬링타임 딱좋다 영화 개그 액션 가도 멋지다 멋지다 웃기다 한국 가족 코미디 초딩 늘다 잡다 이이경 발견 권상우 코미디 기대 낮추다 가볍다 호탕 웃다 좋다 영화 히트 요약 가볍다 좋다 영화 명절 버프 영화 히트 웹툰 작가 싶다 국정원 탈출 비밀 프로젝트 방패연 출신 전설 암살 요원 술김 리지 말다 기밀 그리다 버리다 벌어지다 해프닝 전직 암살 요원 김수혁 이름 삼류 웹툰작가 되어다 아내 벌다 먹다 구박 받다 수혁 웹툰 써다 죽이다 연필 깎다 쓰다 말씀 개그 액션 넘다 들다 권상우 활약 대단하다 작품 신의 제외 권상우 타율 최고 장면 차안 핸드폰 최악 장면 터널 여자 국정원 싸우다 대사 기대 가볍다 좋다 킬링타임 영화 심심 나오다 올드 개그 채우다 나름 괜찮다 소재 알다 비비다 맛있다 간장 계란 먹다 기분 권상우 코믹 어울리다 가다 모르다 유치하다 이렇다 국산 코미디 좋다 정도 오락 만하 히트 예습 깔깔 웃다 권상우 액션 취향 만화 연출 오다 단점 극명하다 갈리다 너무하다 딱하다 재미 유치하다 가볍다 좋다 재밌다 당황 기대하다 재미있다 대중 년대 코믹 액션 영화 액션 연출 발전 한국 코미디 긍정 넘다 마지노선 웹툰 잊다 살리다 과거 나르다 마주 중간 중간 요소 때우다 좋다 정도 포스터 망하다 영화 후속작 재미있다 나르다 히트 싶다 웃다 싶다 추하다
